customer_id,has_investment_product,has_credit_card,has_personal_loan,has_fixed_deposit,has_insurance
217,0,0,1,1,0
179,1,1,1,1,0
81,1,0,1,0,0
50,0,0,0,1,1
13,0,0,1,0,0
341,0,0,0,0,1
573,0,0,0,1,0
614,1,0,1,0,1
418,1,1,0,1,0
315,1,1,1,0,1
365,0,1,1,1,1
255,1,0,0,0,0
94,1,1,0,1,1
247,0,0,0,0,1
393,0,0,0,1,0
110,0,0,1,1,0
153,0,1,0,0,0
143,0,1,0,1,1
249,0,1,0,0,0
203,0,0,0,1,0
207,1,1,0,0,0
11,0,0,0,1,0
194,0,1,1,1,0
214,0,1,0,0,1
544,0,1,0,0,0
344,1,1,0,0,0
555,0,1,0,1,1
398,0,0,0,0,0
557,0,1,0,0,0
300,0,0,1,1,0
496,1,1,0,0,0
27,0,0,0,0,0
184,0,1,1,0,1
61,1,0,1,0,0
445,1,0,0,1,1
74,1,1,0,0,0
21,0,1,0,0,0
234,0,1,0,1,0
181,1,0,0,0,0
609,0,0,0,1,0
220,0,1,0,1,0
89,0,1,1,0,0
578,0,0,0,0,0
351,1,1,1,1,0
4,0,1,0,0,0
548,1,1,1,0,0
238,0,0,0,1,0
75,0,0,0,0,1
310,0,1,1,1,0
44,0,1,0,0,0
186,1,0,0,0,0
440,1,0,0,0,0
174,1,1,1,1,0
169,1,0,0,1,0
72,1,1,1,1,1
385,1,0,0,0,0
349,0,0,0,0,0
293,0,0,0,0,0
386,0,0,0,0,0
69,0,1,1,0,0
364,0,0,1,0,1
366,0,0,1,0,0
160,1,1,1,1,0
192,0,0,0,0,0
474,0,1,0,1,1
467,0,1,0,0,0
320,0,0,0,0,0
571,1,0,0,0,1
588,0,0,0,0,1
288,1,1,0,1,0
637,1,1,0,0,0
558,0,0,0,0,0
600,0,1,1,1,0
9,1,0,0,1,1
1,1,0,1,1,0
380,1,0,1,0,1
643,1,0,0,1,0
154,0,1,1,1,0
462,0,1,1,0,0
325,0,0,1,0,1
180,1,0,0,0,0
280,1,0,0,0,1
554,0,0,0,0,0
468,0,0,0,0,0
41,0,1,0,0,0
369,0,0,0,1,0
98,1,0,0,1,1
337,1,1,0,1,0
14,1,1,0,0,0
156,0,0,0,1,0
274,0,1,1,1,0
279,1,1,1,0,1
132,1,1,0,1,0
191,1,1,1,1,1
559,1,0,0,0,1
611,0,0,1,1,0
137,0,1,1,0,0
580,0,0,0,0,1
512,0,0,1,0,1
118,0,0,1,1,0
356,0,1,0,1,0
491,1,0,1,1,0
416,0,0,0,0,1
510,0,0,0,0,0
202,1,0,0,1,0
24,0,1,0,1,0
63,0,0,1,0,1
519,1,1,0,0,0
475,0,1,0,1,0
476,0,0,0,1,0
482,0,1,0,0,0
477,0,1,1,0,1
362,1,0,0,1,0
434,1,0,0,1,1
547,1,1,0,0,0
615,1,1,1,0,1
248,1,0,0,1,0
348,0,0,0,0,1
470,1,1,0,0,0
299,0,1,0,0,0
240,1,1,0,0,0
269,1,1,1,1,0
177,0,0,0,0,0
388,0,1,0,1,1
123,0,0,1,0,0
590,0,1,0,0,1
374,1,1,1,0,0
405,1,0,0,1,0
640,0,0,0,1,0
521,0,1,0,0,0
71,0,1,0,1,0
79,0,0,1,1,1
333,0,0,0,1,0
613,0,0,0,0,0
208,1,0,1,1,0
435,0,1,0,0,1
596,0,1,0,0,1
151,1,1,1,1,0
311,0,0,0,0,0
443,1,0,0,0,1
189,1,1,0,0,1
331,0,0,0,1,1
403,0,0,0,1,1
141,0,1,0,0,0
537,0,0,1,1,0
256,0,0,1,0,0
167,1,0,0,0,0
65,0,0,0,1,0
291,0,1,0,0,0
211,0,0,0,0,1
166,1,0,0,0,0
175,0,0,1,1,0
190,0,1,0,0,0
483,0,1,1,1,0
453,1,0,1,1,1
525,0,1,1,0,0
330,1,0,0,1,0
97,1,0,1,0,0
242,0,1,0,0,0
116,1,1,0,1,0
224,0,1,0,1,0
205,0,1,1,0,0
412,0,1,0,0,0
610,0,1,1,0,1
82,0,0,1,0,0
391,1,0,0,0,1
270,0,0,1,0,1
414,0,1,0,1,1
319,0,1,1,0,0
538,1,0,0,0,0
140,1,0,1,1,0
500,0,1,1,1,1
631,0,0,0,0,0
527,0,1,0,0,1
73,1,0,0,1,1
563,0,1,0,0,0
38,1,1,0,0,1
292,0,1,0,1,0
562,1,1,0,0,0
35,0,1,0,0,0
345,0,1,0,0,0
346,0,1,1,0,1
33,1,1,0,0,1
400,1,0,1,1,0
233,0,0,0,0,0
422,1,0,0,0,0
624,1,1,0,0,1
77,0,0,0,1,0
117,0,1,0,0,0
425,0,0,1,0,0
163,0,1,0,1,0
101,1,1,0,0,0
307,1,1,1,0,0
448,1,1,0,0,0
250,0,1,1,0,0
612,0,1,1,0,0
357,1,1,0,1,1
452,1,1,0,0,1
99,1,0,0,1,0
539,1,1,0,0,0
43,1,1,0,0,0
358,0,1,0,0,0
229,0,1,0,1,0
172,1,1,1,0,1
48,1,1,1,1,0
530,0,0,1,0,0
108,0,0,0,0,1
404,1,1,1,0,0
581,0,0,0,0,0
419,0,1,0,0,0
125,0,0,0,0,0
498,1,0,0,1,0
8,1,0,0,0,1
543,0,0,0,1,1
620,1,1,1,0,0
383,0,1,0,0,0
212,0,1,0,1,0
39,1,0,0,0,1
338,1,1,0,0,0
323,1,0,0,1,0
534,1,0,0,1,0
334,0,0,0,0,0
594,0,1,0,0,0
359,0,1,0,1,0
70,0,1,0,0,1
413,0,0,1,0,0
455,1,1,1,0,0
546,0,0,1,0,0
289,1,0,0,0,0
532,1,0,0,0,0
5,1,1,0,0,1
478,0,0,0,0,1
309,0,1,0,1,0
486,0,0,0,1,0
618,0,0,0,0,0
221,1,0,0,0,1
501,0,0,0,1,1
264,0,0,0,1,1
198,1,1,0,1,0
634,0,0,0,0,1
18,1,1,0,1,0
253,1,0,0,1,0
26,1,0,0,0,1
246,0,1,0,0,1
582,0,0,1,0,0
545,1,1,0,1,0
318,0,1,1,0,1
29,1,0,0,1,0
560,1,0,0,1,0
471,1,0,0,1,1
441,0,0,1,1,0
535,0,0,0,1,1
502,1,1,0,0,1
327,0,1,0,1,0
245,0,0,1,0,1
157,0,0,1,1,1
281,1,1,1,0,1
340,1,0,0,1,0
583,0,0,1,1,0
561,0,1,0,1,0
187,1,1,1,0,1
603,1,1,0,0,0
556,0,1,1,1,0
93,0,1,0,0,1
121,1,0,1,1,1
109,1,0,1,0,0
572,1,0,0,1,0
286,1,0,0,0,0
306,0,1,1,0,1
30,0,0,0,1,0
7,1,1,0,0,1
127,1,0,0,0,0
354,1,1,1,0,1
112,1,1,0,1,0
352,0,0,1,0,0
265,0,0,1,1,0
399,1,0,0,0,1
541,1,1,0,0,1
595,1,0,1,0,0
587,1,1,0,0,0
635,1,0,0,0,0
135,0,1,1,1,1
106,0,1,0,1,1
58,0,1,1,0,0
392,1,1,0,1,0
31,0,1,0,1,0
621,0,1,1,0,1
382,0,0,0,0,0
376,0,0,0,0,0
417,0,0,1,0,0
171,0,0,0,1,0
322,0,1,0,1,0
193,1,0,0,0,1
401,0,0,0,0,0
150,0,1,0,1,0
144,0,1,0,1,1
176,1,1,0,1,0
639,0,0,1,1,0
460,1,1,1,0,1
96,0,0,0,1,0
84,0,1,0,1,1
565,0,0,0,0,0
473,0,0,0,1,0
549,1,0,1,0,0
503,1,0,0,0,1
305,1,0,0,0,0
493,0,1,1,0,0
373,0,0,0,0,0
575,1,1,0,0,0
407,0,1,1,0,0
133,0,0,0,0,0
55,0,1,0,0,0
222,0,0,0,0,0
2,1,1,0,1,0
308,1,1,0,0,0
49,1,1,1,0,0
622,0,0,1,1,0
213,0,0,0,1,0
316,0,1,0,1,1
459,0,1,0,0,1
273,0,0,1,0,1
531,1,0,1,1,1
381,1,0,1,0,0
296,0,1,0,0,0
139,1,0,0,0,0
62,1,0,1,1,0
451,1,0,0,0,1
302,1,1,0,1,0
454,0,1,0,1,1
297,0,1,0,0,0
606,0,0,0,1,0
516,1,1,0,1,1
90,0,1,0,1,1
523,0,1,0,0,0
395,0,1,0,1,0
235,0,1,1,0,1
490,1,0,0,1,0
397,1,0,1,0,1
607,0,0,1,0,0
91,0,1,0,1,1
219,0,0,0,1,0
644,0,1,0,0,0
589,0,1,0,0,0
423,0,0,0,0,0
257,0,1,0,1,1
119,1,1,0,1,1
53,1,1,0,1,1
59,0,0,1,0,1
641,0,1,0,0,0
284,1,1,1,1,0
632,0,1,1,1,1
630,1,0,1,0,1
602,1,0,1,1,0
258,0,1,1,1,0
148,0,0,1,0,0
266,1,0,0,0,0
36,0,1,0,0,0
579,1,0,0,0,1
95,1,1,0,0,0
216,1,1,1,0,0
46,0,0,0,1,1
278,1,0,1,0,0
480,0,1,0,0,1
513,0,0,0,0,0
126,1,1,0,0,0
591,0,1,1,1,1
86,1,0,0,0,1
645,1,1,0,1,0
433,0,0,0,1,0
252,0,0,0,0,1
431,0,0,0,0,0
629,0,0,0,0,0
355,0,0,0,0,0
342,1,1,0,1,0
593,0,0,0,1,1
550,0,0,0,0,0
263,1,1,1,0,1
56,0,1,0,0,1
504,1,0,0,1,0
577,0,1,0,0,1
67,0,0,0,0,0
128,1,1,0,0,1
442,1,0,1,1,0
375,1,1,0,1,0
130,1,0,0,0,0
495,1,1,1,0,1
415,0,1,0,1,1
533,0,1,0,0,0
540,1,0,0,1,1
129,1,0,0,0,0
107,1,0,1,1,0
432,0,0,1,0,1
80,0,0,1,1,0
92,1,1,0,1,0
12,0,1,0,1,1
146,1,1,0,1,0
290,1,0,0,1,0
313,0,0,0,0,0
185,1,0,0,1,0
492,1,1,0,1,0
40,0,0,1,0,1
37,1,1,1,1,0
585,0,0,1,1,0
481,1,0,0,0,0
529,0,0,0,0,1
83,1,0,0,0,0
608,0,1,0,0,0
3,0,1,0,0,0
173,1,0,0,0,1
574,0,1,0,0,1
518,0,0,0,0,0
335,1,0,0,1,1
17,1,0,0,0,0
47,1,1,1,0,1
439,1,0,0,0,0
584,0,1,0,0,0
428,0,0,0,1,0
570,0,0,0,1,0
19,1,1,1,1,0
102,1,0,0,0,0
409,1,1,0,1,1
282,1,1,0,0,0
487,0,1,0,0,0
328,0,0,0,0,0
604,0,0,0,0,0
372,0,0,0,0,0
271,0,1,0,0,0
517,1,1,1,1,0
566,0,1,0,0,1
287,0,0,1,0,1
113,0,0,0,0,1
461,1,1,1,1,0
336,1,1,0,0,1
241,0,0,0,1,0
457,0,0,0,1,0
6,1,0,0,0,1
100,0,0,0,0,0
223,1,1,1,0,0
371,1,0,0,1,0
617,0,1,0,0,0
138,0,0,1,0,0
597,1,1,0,0,0
390,0,0,0,1,0
201,0,0,0,0,0
526,1,1,0,0,0
210,1,1,0,1,0
15,1,0,0,1,0
625,1,1,1,1,0
28,0,0,0,0,0
161,0,1,0,1,1
195,1,0,0,1,1
87,0,1,1,0,0
57,0,1,1,1,0
402,1,0,0,0,1
616,0,0,0,1,0
508,0,1,0,0,1
370,0,1,1,1,0
367,0,0,1,0,0
520,0,1,1,1,0
197,0,1,1,0,0
430,0,0,0,1,0
51,1,1,0,1,0
469,1,1,0,0,1
52,1,1,1,1,0
23,1,0,0,1,0
542,0,1,0,0,1
142,0,0,0,0,0
509,1,0,1,0,0
20,0,1,0,0,0
363,1,1,0,0,0
485,0,1,0,0,0
429,1,0,1,0,1
599,0,1,0,0,0
251,1,1,0,0,1
66,0,0,0,1,0
326,1,0,0,1,0
553,0,1,0,0,0
343,0,1,0,1,0
321,1,0,0,1,0
285,0,0,0,1,0
633,1,1,0,0,1
155,1,0,0,0,1
598,0,1,0,1,0
164,1,0,0,1,0
34,1,0,1,1,0
147,1,1,0,1,0
329,0,0,0,0,0
384,0,1,0,0,0
421,1,1,0,0,0
488,1,1,0,0,1
479,0,1,0,1,1
536,1,1,0,0,0
569,0,1,0,0,0
105,0,0,1,1,0
361,0,1,0,0,0
499,0,0,1,1,1
450,1,0,0,1,0
377,0,0,0,0,0
636,1,1,0,0,1
243,1,1,0,0,0
244,1,1,0,0,0
446,0,0,1,0,0
389,0,0,0,0,0
564,1,0,0,1,0
267,1,0,0,0,0
301,0,0,0,1,1
182,1,1,1,0,0
303,1,0,0,1,1
16,1,0,1,1,0
350,1,0,0,0,1
228,1,0,0,0,0
447,0,1,0,1,1
218,1,0,0,1,0
196,1,1,1,1,0
466,0,0,1,0,1
347,0,1,0,0,0
272,0,0,1,1,0
276,1,0,0,1,0
158,1,0,1,0,0
25,0,1,1,1,0
131,1,1,0,0,0
236,0,0,0,0,0
444,1,0,0,0,0
239,1,1,0,0,1
149,1,0,1,0,0
230,0,1,1,0,0
199,0,1,0,0,1
103,0,1,1,1,0
505,0,0,0,1,0
183,1,1,0,1,0
10,1,1,0,1,0
114,1,1,1,0,0
489,1,0,1,1,0
85,1,1,0,1,0
626,1,1,0,0,0
627,1,1,0,0,0
204,1,1,0,0,0
178,0,0,0,1,0
231,0,1,0,0,0
206,0,1,0,1,1
237,1,0,0,1,0
304,1,0,0,1,0
232,0,1,1,1,0
332,1,1,0,1,0
22,1,0,1,0,0
353,0,1,0,0,0
136,0,0,0,1,0
436,1,0,0,0,1
464,0,0,0,0,0
124,1,1,1,0,1
524,0,0,1,1,0
522,1,0,0,0,0
275,1,1,0,1,0
576,1,1,0,0,0
396,1,1,1,0,0
134,0,0,1,1,0
497,0,1,0,0,0
45,0,1,0,1,1
295,1,0,0,1,1
638,1,1,0,1,0
586,1,1,0,0,0
515,0,1,0,1,1
314,0,0,0,1,0
168,0,0,0,1,1
165,0,0,0,0,0
426,1,1,1,0,1
215,0,0,0,1,1
472,0,1,0,1,0
552,1,1,0,0,0
259,0,1,0,0,1
159,0,0,0,0,1
411,1,1,0,0,1
449,0,1,0,0,0
162,1,1,1,0,0
514,1,1,1,1,0
642,1,1,0,0,0
120,0,1,1,1,0
88,1,0,0,0,0
511,0,1,0,0,0
64,0,1,0,0,0
506,0,0,1,0,0
268,1,1,0,1,1
568,0,1,1,1,1
317,0,0,0,0,1
68,1,0,0,0,0
209,0,0,1,0,0
277,0,0,0,1,0
379,0,1,1,1,1
437,0,0,0,0,1
261,0,0,0,1,0
456,0,0,0,1,1
406,1,0,0,0,1
225,0,1,0,0,0
410,0,1,0,1,0
623,1,1,0,1,0
115,0,1,1,0,0
368,1,1,0,0,1
283,0,0,0,0,0
360,0,0,0,0,0
605,0,0,0,1,0
54,0,0,0,0,0
226,0,1,1,1,0
592,0,1,0,1,0
463,0,0,1,0,0
408,0,1,0,0,0
76,0,0,0,0,0
32,0,0,0,1,0
298,0,1,0,0,1
628,0,0,1,1,1
438,1,1,0,1,1
387,0,0,0,0,0
145,1,0,0,1,0
427,1,0,0,1,0
507,0,1,0,0,1
378,1,1,0,0,1
152,1,0,0,1,1
188,0,0,0,1,0
122,0,0,0,0,0
424,1,0,0,0,0
339,1,1,0,0,0
465,0,1,1,1,0
111,0,1,0,0,1
551,0,0,0,0,1
227,0,1,0,1,0
170,1,0,1,0,0
324,0,0,1,1,0
42,0,1,1,0,0
294,1,0,0,1,1
312,0,1,0,0,1
601,0,0,1,1,0
567,1,1,0,1,0
494,1,0,0,0,0
260,0,1,0,0,0
458,0,1,0,0,0
104,0,0,0,0,1
484,0,0,0,1,0
78,0,0,1,1,1
254,0,1,1,0,1
619,0,1,1,1,0
528,0,0,0,1,1
60,0,1,0,1,0
394,0,0,1,0,0
262,0,0,0,0,0
200,0,0,1,0,1
420,0,1,0,0,0
3388,1,1,0,0,0
3042,1,1,1,0,1
652,1,1,0,0,0
3359,1,1,0,1,0
2821,0,1,0,0,0
2533,0,1,0,0,0
3504,0,1,0,0,0
2054,1,0,0,0,0
1398,1,0,0,1,0
1049,0,0,0,0,0
2470,0,1,1,0,0
2892,0,1,1,0,0
1388,0,1,1,0,0
1378,1,1,0,0,1
1733,1,1,0,1,1
3496,0,0,1,0,0
1056,1,0,0,0,0
923,1,0,0,0,0
698,0,0,0,0,1
1338,0,0,0,0,0
3239,0,1,0,0,0
3824,0,1,1,1,1
2175,0,1,0,0,0
720,0,1,0,0,0
1022,0,1,0,1,1
2887,0,1,0,1,1
1459,1,1,0,0,1
1857,0,1,1,0,0
2692,0,1,1,0,0
1135,0,0,0,0,0
3779,1,1,0,0,1
1920,0,0,0,0,0
2889,0,1,0,1,0
1394,1,0,1,0,1
2252,1,0,0,0,0
3311,1,1,0,0,1
1329,0,1,0,1,1
794,0,0,1,0,0
1081,1,0,0,1,0
3695,1,0,0,0,0
2162,1,1,0,1,1
2725,1,1,0,0,0
2107,0,1,0,0,0
1368,1,1,0,0,1
943,0,1,1,0,0
699,0,1,0,0,1
1491,0,1,0,1,1
2625,0,0,1,0,0
929,0,0,1,0,1
3324,0,1,1,0,1
754,1,0,0,1,0
3265,0,1,0,1,1
817,1,1,0,1,1
1071,0,1,0,0,1
1995,0,1,0,1,0
3065,0,0,0,1,0
3989,0,1,0,1,1
846,0,1,0,0,1
1268,0,1,0,0,1
3041,0,0,0,0,0
1791,1,0,1,0,0
2540,0,1,0,1,1
2270,1,1,0,0,1
2626,0,0,0,0,0
658,1,0,0,1,0
1433,1,1,0,1,0
2952,1,1,1,0,0
3336,0,0,0,1,1
1274,0,1,0,0,0
2575,0,0,0,1,0
3078,1,0,0,1,0
805,1,1,0,0,0
901,1,1,0,1,1
1392,0,1,0,1,1
2228,1,1,0,0,1
832,1,1,0,0,0
2153,0,1,0,1,0
3442,0,1,0,0,1
2656,1,1,1,0,1
2683,0,0,0,1,1
3248,1,1,0,1,1
2223,0,0,0,0,1
2642,1,1,0,0,0
3753,0,1,0,0,1
3118,0,1,0,0,0
2444,0,0,0,0,0
769,1,0,0,1,0
1612,1,1,1,0,0
787,0,1,0,0,0
834,0,0,0,0,0
3453,1,1,1,1,0
1289,0,0,0,0,0
2343,1,1,1,0,1
3112,0,1,0,0,0
2846,0,1,1,1,0
764,0,0,0,1,0
2580,0,1,0,0,1
884,1,0,0,0,0
2547,0,0,0,0,0
1486,0,1,1,0,0
2397,1,1,0,0,0
679,0,1,1,0,1
2211,0,1,0,0,1
2535,1,1,0,0,1
1761,1,1,0,0,0
711,0,1,0,1,1
2672,1,1,1,0,1
3946,1,1,0,0,0
1676,0,0,0,0,0
1973,0,0,0,1,0
2320,1,0,0,1,1
2548,1,0,0,0,0
1246,0,0,0,0,0
2344,1,0,0,0,0
2832,1,1,1,0,0
2946,0,0,1,0,0
3133,0,1,0,1,1
3663,0,1,1,0,0
2335,1,1,0,1,0
3891,0,1,0,0,1
708,1,0,0,1,0
3430,1,1,0,1,1
2794,1,1,0,0,1
3789,0,0,0,0,0
3651,1,1,1,0,0
1548,0,0,1,0,0
3987,1,0,0,0,1
2166,0,1,0,0,1
3733,0,1,0,0,0
2959,1,1,0,1,0
3153,0,1,0,0,1
3774,0,1,0,1,0
1728,1,1,1,0,1
1497,1,1,0,1,0
3323,1,1,0,0,1
1664,1,0,0,0,0
3866,1,1,0,1,1
3988,0,0,1,0,0
1057,0,1,0,1,0
3169,0,1,0,1,0
3649,1,1,0,0,1
2712,1,0,0,0,1
1708,0,1,1,1,1
2776,0,0,0,0,0
3995,1,0,1,1,0
1890,0,1,1,1,0
3295,1,1,0,0,0
1038,0,0,0,0,0
992,1,1,0,1,0
3964,0,0,1,0,0
2429,1,0,0,0,0
1896,1,0,1,0,0
1083,1,1,0,0,0
2303,1,1,0,0,1
1408,1,1,0,0,0
1206,1,1,0,1,1
3708,0,0,0,0,0
1839,1,1,1,0,1
913,1,1,0,1,0
1605,0,0,1,1,1
2307,1,0,1,1,1
3878,1,0,1,0,0
2850,1,0,1,1,0
1555,0,1,1,0,0
3242,0,1,0,0,0
3674,1,1,0,0,0
2896,1,1,0,0,0
3333,0,1,1,1,1
2732,1,1,0,0,0
3845,1,1,0,1,1
2141,0,1,1,1,0
3912,1,1,0,1,1
1964,0,1,1,0,0
1141,0,1,0,1,0
3580,0,1,1,0,0
779,1,1,0,0,0
3782,0,0,0,1,0
1902,0,0,0,0,0
1458,0,1,0,0,0
1744,0,1,0,1,0
1245,1,0,0,0,0
2075,0,0,0,1,1
1103,0,1,0,0,0
678,1,0,0,0,0
3983,0,1,0,0,0
3706,0,1,0,0,1
1438,0,1,1,0,0
3160,0,0,0,1,0
3181,0,1,1,0,1
1124,0,0,1,1,1
2814,0,1,0,0,0
2569,1,1,0,0,1
830,0,1,0,1,0
3340,1,1,0,1,0
2536,1,1,0,0,0
1696,0,0,0,1,1
3629,1,1,0,1,0
676,0,1,0,0,0
897,1,0,0,1,0
1716,0,1,0,0,0
1089,0,1,0,1,1
3033,0,1,0,1,1
936,1,1,0,1,1
1689,0,0,0,0,0
1611,1,1,0,0,1
2430,0,0,0,1,0
3596,1,1,0,0,0
1453,0,1,0,0,1
1682,1,1,1,1,0
1214,0,0,1,0,0
2021,0,0,0,0,0
2674,0,1,0,0,1
2911,0,0,1,0,1
1003,1,1,0,1,0
1935,0,0,0,1,1
795,1,1,1,0,0
1625,0,1,0,1,1
1478,0,0,0,1,0
2507,0,1,1,1,0
776,0,1,0,0,0
2445,1,1,0,1,0
1358,0,1,1,0,0
1493,0,1,0,1,0
1198,1,1,0,1,1
2100,1,0,0,0,1
1063,0,0,0,1,0
1455,0,1,1,0,1
2571,1,0,0,1,0
2306,0,1,0,0,0
3524,0,1,0,1,0
2640,0,1,0,0,0
1247,1,1,1,0,1
1781,1,1,0,0,0
3832,0,1,0,0,0
2236,0,0,0,0,1
1090,0,0,0,1,0
3376,1,1,0,0,1
3554,0,1,0,0,0
2083,0,1,0,0,0
3187,1,0,0,1,0
842,0,1,1,1,0
3778,1,1,0,1,0
2354,0,1,0,1,0
1898,0,1,0,0,0
1720,0,1,1,0,0
2437,1,1,0,0,0
2466,1,1,0,1,0
3676,1,1,0,1,0
3123,0,1,0,0,1
1969,1,1,0,0,1
3747,0,0,0,0,0
1404,0,0,0,0,0
1544,1,1,1,1,1
1297,0,0,0,0,0
3198,0,1,1,1,1
1803,0,0,0,0,1
2138,0,0,0,1,0
2638,0,1,0,1,0
1273,1,1,0,1,0
3287,0,0,0,1,1
3608,1,1,0,1,0
2893,1,1,0,1,1
686,0,1,0,1,1
2989,0,1,0,1,0
2740,0,1,0,1,1
977,1,0,0,1,0
1194,0,0,1,1,1
2104,1,1,0,1,1
1835,0,1,0,0,0
1370,1,1,0,0,1
2266,0,1,0,0,0
1122,0,1,0,0,0
1577,1,1,0,1,0
2276,1,1,0,0,0
1301,0,1,0,1,1
3609,1,0,0,0,1
673,0,1,0,0,0
1604,1,1,0,1,0
835,1,1,1,1,1
1674,0,1,0,0,0
912,0,1,0,1,0
2849,0,0,0,1,0
2591,0,1,0,0,0
3929,1,0,1,0,0
3549,0,1,1,1,1
3994,0,1,0,0,1
3088,1,0,1,0,1
836,1,0,0,0,0
1729,0,1,0,1,0
2052,0,0,0,1,0
3655,0,0,0,1,0
2417,0,0,0,0,0
1989,1,1,0,1,0
3600,0,1,0,0,1
955,1,0,0,0,0
3978,0,1,0,0,0
2492,1,0,1,0,0
2906,1,1,0,1,0
1606,1,0,0,1,1
1325,0,0,0,0,0
818,0,0,0,1,0
1162,0,1,1,1,0
1421,1,1,0,1,1
727,1,1,1,0,1
1947,1,0,1,1,0
3159,1,1,1,0,0
2407,1,1,1,1,1
2784,0,1,0,0,1
3362,1,0,0,1,0
1879,0,1,0,0,0
1959,0,1,0,0,1
737,0,1,1,1,1
2151,0,0,0,1,1
1711,0,1,1,1,0
2450,1,1,0,1,0
1417,0,1,0,0,0
1208,1,1,1,0,0
1454,0,1,0,0,1
2204,0,0,1,0,0
681,0,1,0,1,0
2634,0,0,0,1,0
2331,1,0,1,1,0
2269,0,0,1,1,1
3885,1,1,0,1,0
3103,0,1,0,0,1
1390,1,1,0,0,0
2102,1,1,1,1,0
2091,1,0,0,0,1
1239,0,1,1,0,0
1144,0,1,0,0,1
2323,0,1,1,1,0
1393,1,1,0,0,1
1925,0,1,0,1,1
825,0,1,0,1,0
2066,1,0,0,0,1
2786,0,0,0,1,1
1092,1,1,1,1,0
2227,0,1,0,1,0
3417,0,0,1,1,1
1575,1,1,0,0,0
1215,0,1,1,1,0
722,1,1,0,0,1
1608,0,1,0,1,0
1694,0,1,1,1,1
3821,1,1,0,1,0
1254,1,1,0,0,0
3495,1,1,0,0,0
3127,0,0,0,0,0
1726,1,0,0,0,0
3776,0,1,0,0,0
3897,0,1,0,0,0
2132,1,0,1,0,1
2012,0,1,0,1,0
2733,1,0,0,0,0
1655,0,1,1,1,1
988,0,1,0,1,0
2113,0,1,0,0,1
854,1,1,0,1,0
1583,1,1,0,0,0
2678,1,1,1,1,1
2907,1,1,1,0,1
1336,1,0,0,0,1
840,1,1,1,1,1
2011,0,0,0,0,0
2980,0,1,1,1,1
1009,0,0,0,0,0
1145,1,1,0,0,0
3799,1,1,1,0,1
1534,0,0,0,0,1
3630,1,0,0,0,1
2883,1,0,0,0,0
1829,0,0,0,0,1
3742,1,0,0,1,0
1414,1,1,0,0,0
1637,0,1,0,1,1
1982,1,0,0,0,0
3812,0,1,0,1,0
3252,1,1,0,0,1
3797,1,1,0,0,0
2464,1,0,0,0,0
2361,0,1,1,0,0
3094,1,1,0,1,1
2224,1,1,1,0,0
3213,0,1,1,1,0
3445,1,1,0,0,1
867,0,0,1,0,0
3883,1,1,1,1,0
2635,0,0,0,0,0
3002,0,1,0,1,0
757,0,1,0,0,0
3363,1,0,0,1,0
3906,0,1,0,0,0
1666,1,1,0,1,0
3697,0,0,0,1,0
804,0,0,0,0,1
3802,0,1,0,0,0
3841,1,1,1,0,0
1086,0,1,0,1,0
3179,1,1,1,0,0
3244,1,0,0,0,1
739,1,1,0,0,0
1706,0,1,0,0,0
707,0,1,0,1,0
1304,1,0,0,1,1
2413,0,1,0,0,0
2941,1,1,0,1,0
3049,0,1,0,1,1
1825,1,1,1,0,1
2982,1,0,0,0,0
1406,1,1,0,1,0
1165,0,1,0,1,0
2637,1,0,0,1,0
2369,0,1,1,0,0
1942,0,1,1,0,0
3607,1,1,0,0,0
1949,1,0,0,1,1
3426,1,0,0,1,0
1470,1,1,0,1,0
2262,0,1,0,0,1
2568,0,1,0,0,0
1116,1,0,0,0,1
1550,0,1,0,0,0
2039,0,1,0,0,1
3064,0,1,1,0,1
1445,0,1,0,0,0
2427,0,1,1,1,0
1043,0,1,0,1,1
786,0,1,0,0,0
1409,0,1,1,0,1
2760,1,1,0,0,0
2724,0,0,0,1,0
3448,0,1,0,1,0
3727,1,1,0,1,0
3755,0,1,0,1,1
3404,1,1,0,0,1
949,1,1,0,0,0
2109,0,0,0,0,0
849,0,1,0,0,0
2372,1,1,1,1,1
1560,1,1,1,0,0
3135,0,0,0,0,1
1123,1,1,1,0,0
1442,0,1,0,1,1
839,1,1,0,0,0
3021,0,0,0,1,0
2646,1,1,0,0,1
3870,1,0,0,0,1
3535,1,0,0,0,0
735,0,0,0,1,0
2030,0,0,1,0,1
1293,0,1,1,1,0
1760,0,1,0,0,1
2483,0,1,0,0,0
2089,1,1,1,1,1
3842,0,1,0,0,0
3318,0,1,0,1,0
3538,1,1,0,1,0
1134,1,0,0,0,0
1131,1,1,0,1,1
1796,1,1,0,0,0
1719,0,1,1,0,1
3475,0,0,1,0,0
966,1,1,1,1,1
3047,1,1,0,0,0
3752,0,1,0,1,0
2673,1,0,0,1,0
1635,0,1,0,0,0
2406,0,1,0,0,1
3961,0,1,1,0,0
2256,1,0,0,0,1
2513,1,0,0,0,0
670,0,1,0,1,1
696,1,1,0,1,0
3186,0,1,1,1,1
1967,0,1,0,1,1
2681,1,1,0,1,0
1918,1,0,0,0,0
1317,1,1,1,1,0
914,1,1,0,1,1
3030,1,1,0,0,0
1782,1,0,0,1,0
1586,0,1,0,0,1
2960,0,0,0,1,0
1097,0,1,1,1,0
2804,0,0,0,1,0
1974,1,1,0,0,0
1030,0,1,0,1,0
878,0,0,0,0,0
3590,0,0,0,0,0
2008,1,0,0,1,0
2557,0,1,0,1,1
3249,1,1,0,1,1
1838,0,1,0,0,0
3110,0,0,1,0,1
2686,1,1,0,1,0
2755,1,1,0,0,0
3542,0,1,0,0,0
2930,1,1,1,1,1
2530,1,1,1,0,1
1751,0,1,1,1,0
2991,1,0,1,0,1
2018,1,1,0,0,0
2620,1,1,0,0,0
2093,1,0,0,0,0
3386,1,0,0,0,1
3850,1,1,0,0,0
3381,1,1,1,0,0
3696,1,0,1,0,0
3750,1,1,0,0,0
1817,1,1,0,0,0
1765,1,1,0,0,1
3189,0,1,0,1,1
1672,1,0,1,1,1
2467,1,1,0,1,0
2996,0,1,0,0,1
2757,1,1,0,1,0
3874,0,1,0,1,1
1837,0,0,1,1,0
3173,1,1,0,0,0
1427,0,1,0,1,0
1609,1,0,0,1,0
3724,1,0,0,1,0
1875,0,1,0,0,0
2516,0,1,0,0,1
654,0,0,1,0,1
662,1,0,1,0,0
3635,1,0,0,1,1
3032,1,1,0,0,0
2321,0,0,0,0,1
1619,1,1,0,0,0
1079,0,1,1,0,1
3940,1,1,0,0,1
800,0,1,0,1,0
1384,1,0,1,1,0
1578,0,1,0,0,0
2727,1,1,0,0,0
2158,0,1,1,0,0
3858,1,0,1,0,0
721,1,1,1,1,0
3877,0,1,1,1,0
2130,1,1,1,1,1
3473,1,1,0,1,0
2747,0,1,0,0,0
687,0,0,0,1,1
3048,1,1,0,1,1
1568,0,1,0,1,1
3211,1,1,0,0,0
3775,0,1,0,1,1
3740,1,1,0,1,0
2730,0,1,0,1,0
3815,1,1,0,0,0
3283,1,1,0,1,1
2975,1,1,0,1,0
1169,1,0,0,1,0
989,0,0,1,1,1
3076,1,1,0,1,0
3338,0,1,0,0,0
990,0,1,1,1,1
1944,0,0,0,0,1
1270,0,0,1,1,1
1892,1,1,0,0,1
1960,1,0,1,0,0
3151,0,0,1,1,1
2221,0,1,0,1,0
3716,1,0,0,1,0
1095,0,0,0,1,1
1692,0,1,0,1,0
2801,0,0,0,0,0
1435,1,0,1,0,0
1258,1,1,0,0,1
2719,0,0,0,0,0
665,0,1,0,0,0
3916,1,1,1,1,1
2214,1,1,0,1,1
1227,0,1,0,0,0
3657,1,1,0,0,1
3190,0,1,0,1,1
2537,0,1,0,0,1
1723,1,0,0,0,1
1495,0,1,0,1,0
3825,1,0,0,1,0
3914,0,1,0,0,0
2446,0,0,0,1,1
3082,1,1,0,0,0
3399,0,1,1,1,0
1244,1,1,0,0,0
1992,0,0,0,0,0
1376,0,1,0,1,1
1894,0,1,0,0,0
1855,1,1,1,1,1
1683,0,0,0,0,0
2855,1,0,0,0,0
3670,0,0,0,0,0
3256,1,1,0,0,0
953,0,1,1,1,1
2805,1,0,0,0,0
3787,1,1,0,1,0
2940,1,1,0,1,0
1075,1,0,0,1,1
2817,1,1,0,0,1
1333,1,0,1,1,0
2798,0,0,0,0,0
3836,0,1,1,0,0
2260,1,1,1,0,1
734,1,0,1,0,0
2475,1,1,0,0,1
3830,0,0,1,1,1
3517,0,0,1,0,0
855,0,0,0,0,0
903,1,1,0,1,1
1137,0,0,0,0,0
2421,0,1,0,0,1
3575,0,1,0,0,1
1543,0,1,0,1,0
1868,1,1,1,0,0
1160,0,1,0,0,0
822,1,0,0,0,0
2168,0,1,0,1,1
3343,0,1,0,1,1
3196,0,1,1,1,0
1040,0,1,0,0,0
1375,0,0,0,0,0
2867,0,0,1,0,0
2402,1,1,1,0,0
2510,0,1,1,0,0
2947,1,0,0,0,0
916,1,1,1,0,0
3090,1,1,0,1,0
2179,0,1,1,0,0
3462,0,1,1,1,1
1776,0,1,0,0,0
2556,0,1,0,0,1
3636,1,1,0,1,0
1101,0,0,1,0,0
2063,0,0,1,0,1
1818,1,1,1,0,0
784,1,1,0,1,0
2301,1,0,0,1,0
1223,0,0,0,0,0
3665,0,0,0,1,0
788,0,1,1,1,0
3205,0,0,0,1,1
774,0,1,1,1,0
915,0,1,1,0,1
1426,0,1,1,0,0
661,0,1,0,0,1
3125,0,1,0,0,0
1585,1,0,0,0,0
944,1,1,1,1,1
3236,1,0,0,1,0
3467,0,0,0,1,0
2770,0,0,1,1,1
2493,0,0,0,1,0
3917,1,1,0,1,1
3591,1,1,1,0,1
1498,0,1,1,0,0
2866,1,1,0,0,0
2370,0,0,0,1,0
1156,0,1,1,0,0
3769,1,1,0,1,1
2497,1,1,1,0,0
3931,1,1,0,0,1
1526,1,0,1,1,1
1296,0,1,0,0,1
3992,1,0,0,0,0
808,0,1,0,0,0
2498,1,0,0,0,0
3149,0,1,0,1,0
3826,1,1,0,0,0
1718,0,0,0,1,0
3981,1,1,0,0,1
3039,0,1,0,1,0
3598,1,1,1,0,0
3864,0,1,0,1,1
1864,0,1,0,1,1
2717,0,0,0,0,0
1098,0,0,0,1,0
3080,1,1,0,1,0
1815,0,1,0,0,0
3618,1,1,0,0,0
3773,0,1,0,1,0
1691,0,1,0,1,0
2743,1,1,1,0,0
695,1,1,1,0,0
2358,0,0,0,1,1
3560,1,0,0,1,1
2793,1,1,0,1,0
3800,0,1,0,0,0
3588,1,1,0,1,1
2802,1,0,0,0,0
3611,1,0,0,0,0
2436,0,1,0,1,1
3551,1,0,0,1,0
2300,0,1,0,0,0
2714,0,1,0,0,1
3840,0,0,1,1,0
1662,0,1,0,1,1
2365,1,0,1,1,0
1649,1,0,0,1,0
813,1,0,1,0,1
952,0,0,0,1,0
963,0,0,0,1,0
2044,0,1,0,1,0
3469,1,0,0,1,0
2006,0,1,0,1,0
1104,1,1,1,0,1
1313,1,0,0,0,1
2481,0,1,0,1,1
2451,1,1,0,0,1
3725,0,1,0,0,0
3184,1,1,0,1,1
1812,1,1,0,1,0
853,0,1,1,0,1
3971,0,1,0,1,1
1069,1,0,1,1,0
2643,1,1,0,0,0
3086,0,1,0,1,0
2171,1,1,1,0,0
3899,1,1,1,0,0
2350,1,0,0,0,0
2376,0,1,1,0,0
2807,1,0,0,0,0
2235,1,1,0,1,0
3029,0,1,0,1,1
703,0,0,0,1,0
3233,1,0,0,1,0
1142,0,1,0,0,0
1545,1,0,0,0,0
3922,0,1,0,1,0
2584,0,1,0,0,1
3534,1,0,0,0,0
2818,0,1,0,1,0
1503,0,1,0,0,0
3547,0,1,1,1,1
3811,1,0,1,0,0
2286,0,1,0,0,0
3140,0,1,0,0,0
2414,1,1,0,1,0
2053,0,1,0,0,0
1941,1,0,0,0,1
950,0,0,0,1,0
2346,1,1,0,1,0
3040,0,1,0,0,1
2246,1,1,0,0,0
1616,0,1,0,1,0
3165,0,1,0,1,1
1077,0,1,0,1,0
1596,0,0,1,0,1
2509,0,1,0,1,0
3737,0,1,0,0,1
1532,1,1,0,0,1
2931,0,1,0,0,0
1196,0,1,0,0,0
1072,1,1,0,0,0
2664,1,1,0,0,0
3373,0,0,0,1,1
1087,0,0,0,0,1
1968,0,0,0,1,0
3117,1,0,0,0,0
2140,1,0,0,0,0
1542,0,0,1,0,0
3481,1,1,0,0,0
1327,1,0,1,0,0
2333,1,0,0,0,0
3862,1,1,0,0,1
3070,0,0,0,0,0
1152,0,1,1,1,0
2000,0,1,0,1,1
3003,0,0,0,0,0
3294,0,0,0,0,1
3521,1,1,0,0,0
2508,0,1,1,1,0
3222,0,0,0,0,1
2705,0,0,0,0,1
3764,1,1,1,0,0
3420,0,1,0,1,1
2476,0,0,0,1,0
964,0,1,0,1,0
2388,0,1,0,0,0
1985,1,0,0,1,1
2831,1,0,0,1,1
1288,0,1,0,0,0
2898,1,0,0,1,1
2389,1,0,0,0,0
1523,1,1,0,1,1
3304,0,0,0,1,0
1768,0,1,0,0,1
1957,0,1,0,1,1
3063,1,0,0,0,0
3871,0,1,0,0,0
2923,0,1,0,0,1
3129,0,1,0,1,0
975,1,1,0,0,1
3444,0,1,0,0,0
904,1,1,1,1,0
2209,1,1,1,0,0
1436,0,1,0,0,1
954,1,1,1,0,1
1126,0,1,0,0,1
3593,1,0,0,0,0
3054,0,0,0,0,1
3280,1,0,1,1,0
3681,1,1,0,1,1
1934,1,1,1,0,1
3403,1,1,0,0,0
3837,0,1,1,0,0
3781,1,0,0,1,1
2305,1,1,0,0,0
3278,1,1,0,0,0
1788,0,0,0,1,0
690,1,1,1,0,1
1831,1,1,1,0,0
3634,1,1,1,1,1
2968,0,0,0,1,1
1531,1,1,0,0,0
3694,0,1,0,1,0
863,1,1,0,0,0
2559,0,0,1,1,0
3005,1,0,1,0,1
2914,1,1,1,1,1
1559,0,1,0,1,0
1067,1,1,0,1,0
2267,0,1,0,1,1
3566,1,1,0,0,0
1922,1,1,0,0,0
2237,1,1,0,0,0
3819,1,1,0,1,1
3924,1,1,1,1,1
1950,0,1,1,0,0
2229,0,1,0,1,0
2239,1,1,0,1,0
3762,1,0,0,1,0
3201,1,1,1,1,0
1114,1,1,1,0,1
956,0,1,0,0,1
902,1,1,1,0,0
922,0,0,1,0,0
3277,1,0,0,1,0
2040,0,1,1,1,0
3037,0,1,0,1,0
1614,0,1,1,1,1
2031,0,0,1,0,0
1702,1,0,0,0,0
1396,0,0,1,0,0
2787,0,1,1,0,0
1322,0,1,0,0,1
1660,0,1,0,0,1
3044,0,0,0,0,0
2136,0,1,0,0,0
3329,1,1,0,1,0
3678,1,1,0,0,1
2125,1,1,0,0,1
2047,0,1,1,0,1
3958,0,1,0,1,0
1305,1,1,0,0,1
2117,0,1,0,0,0
3736,0,1,0,1,0
1127,0,1,1,0,0
3796,0,1,0,1,1
1800,0,0,1,0,0
1373,0,0,0,0,0
3952,1,1,0,0,0
2398,0,1,0,1,0
2160,1,0,0,0,0
3650,1,1,0,0,0
1954,1,1,0,0,1
1451,1,0,1,0,1
1334,1,1,0,0,0
2720,0,0,0,1,0
1366,0,1,0,1,1
2955,0,1,0,0,1
1651,1,0,1,0,0
1310,1,0,0,1,1
3215,0,1,0,0,0
907,1,1,1,0,1
3834,0,1,1,0,0
2633,1,1,0,1,1
1005,0,1,1,1,1
1763,0,0,0,1,1
3865,0,1,0,0,0
1520,0,1,0,0,0
1863,0,1,0,1,1
2696,0,1,0,0,1
1360,1,0,0,1,0
3100,0,0,0,1,0
3429,0,1,0,0,1
705,1,1,0,1,0
826,1,1,0,0,0
1386,0,1,0,1,1
1150,0,1,0,0,0
1011,0,1,1,0,1
2328,0,1,0,1,1
2574,1,0,0,1,0
2423,0,1,1,0,0
892,0,1,0,1,0
2377,1,0,0,0,0
719,0,1,0,0,1
3351,1,0,0,0,0
3729,0,1,0,0,0
2847,1,1,0,0,0
2161,0,1,0,0,1
2834,1,1,0,0,0
3192,1,1,0,0,0
2137,0,1,1,0,1
2327,1,1,0,1,1
3559,1,1,1,0,1
3640,1,1,0,1,0
2176,1,0,0,1,1
979,1,1,0,1,0
3854,0,1,0,1,1
2459,0,1,1,1,1
3202,1,1,0,0,0
1840,0,1,1,0,1
2539,1,1,1,1,0
2024,1,1,0,1,1
3831,0,0,1,1,0
1627,0,0,0,0,0
1073,1,1,0,1,0
2722,0,0,0,0,0
3886,1,1,1,0,0
1485,0,1,1,0,1
1125,1,0,0,1,0
3006,0,1,0,1,0
2355,1,0,1,0,1
3120,0,0,0,1,1
3308,1,1,1,0,0
2114,0,1,1,0,0
1401,1,1,1,0,0
1364,1,1,1,0,1
2491,0,1,0,0,1
1987,0,1,0,0,0
889,0,1,0,1,0
2651,1,0,0,1,1
1756,1,1,0,0,1
799,1,1,0,0,0
1667,0,0,0,0,0
2647,0,0,0,1,0
2212,1,1,0,0,0
1632,0,1,0,0,0
2191,1,0,0,1,0
3771,0,1,1,1,1
1648,1,1,1,0,0
933,0,1,1,0,0
1919,0,1,1,0,0
2071,1,0,0,1,1
2384,1,0,1,0,0
2403,1,1,0,0,1
3761,0,0,0,1,1
947,0,0,0,0,1
900,1,0,0,0,0
3692,1,0,0,0,0
1429,0,1,0,0,0
1233,0,0,0,0,1
3301,0,1,0,0,0
2382,1,0,0,0,1
783,0,1,0,0,0
2226,0,1,0,1,0
3427,0,0,0,0,0
2469,0,1,0,0,0
3699,0,1,0,1,0
3352,0,1,0,1,0
3435,0,0,0,1,0
3011,1,1,0,0,0
2449,0,1,0,0,0
749,0,1,1,1,0
714,1,1,1,1,0
3454,1,0,1,0,1
3099,0,1,1,1,0
821,0,0,0,0,0
3074,0,1,1,1,0
3513,1,1,0,1,1
3225,1,1,1,1,0
3077,1,1,0,1,1
3965,1,1,0,1,0
2614,1,1,0,0,0
2380,0,0,0,0,0
3479,0,1,0,0,0
3476,1,1,1,0,1
651,1,1,0,1,0
2601,0,1,0,0,1
688,1,0,0,0,0
3643,0,1,1,1,1
1159,0,1,1,1,1
3206,0,0,1,0,1
3188,0,1,1,0,1
3176,1,1,0,0,0
668,0,1,0,1,0
1786,1,1,0,0,1
2836,1,1,0,1,0
778,1,1,0,0,1
3933,0,0,0,0,1
2828,0,1,0,1,0
1626,0,1,1,0,0
2123,1,0,0,0,0
3644,1,1,0,0,0
3180,0,1,0,0,0
3679,1,1,1,0,0
1007,0,0,0,0,0
1926,1,1,1,0,1
3751,0,1,0,0,1
1717,1,1,0,1,1
960,0,1,1,1,0
1275,1,1,0,0,0
3055,1,0,0,1,0
3325,1,1,0,0,1
2555,0,0,0,0,0
861,0,1,0,0,1
3943,0,1,1,0,0
935,0,1,0,0,0
2753,0,0,0,0,0
1128,1,1,1,1,1
3452,1,1,0,1,0
3114,0,0,0,0,0
2742,0,0,0,1,0
3948,0,1,0,1,1
2888,1,1,0,1,1
2003,0,1,0,0,0
3185,1,1,0,0,0
1903,0,1,1,0,1
1002,1,0,0,0,0
2594,1,1,0,1,1
2746,0,1,0,0,0
1113,1,0,0,0,0
945,0,0,0,1,0
946,1,0,1,1,1
3085,0,1,0,0,1
2815,1,1,0,1,0
1483,1,1,0,0,0
3022,1,1,0,0,0
816,1,0,0,0,1
3406,0,1,0,1,0
3759,0,1,0,1,0
1644,0,0,1,0,0
1872,0,1,0,0,1
1345,1,1,0,0,1
2092,0,0,1,0,1
2779,1,1,0,0,1
2454,1,0,0,0,0
2916,1,0,0,1,0
3658,0,1,0,1,0
3926,1,0,0,0,0
1628,1,1,0,0,0
3525,0,1,0,0,1
2951,1,0,1,0,0
2278,1,0,0,1,1
2051,0,1,0,1,0
1885,0,1,0,0,1
1276,0,1,0,0,1
3432,0,1,0,1,0
760,0,1,0,0,0
2458,0,0,1,1,0
2314,0,1,0,0,1
3700,0,1,0,1,1
3081,1,0,0,0,1
1819,0,1,0,1,1
3927,1,1,0,1,0
1846,0,1,0,0,0
2371,0,1,0,1,1
1499,0,1,0,1,1
2120,0,0,0,0,1
1707,0,1,0,0,0
3266,1,0,1,0,1
3846,0,0,0,0,0
1581,1,0,1,0,1
1681,1,0,0,1,0
1029,0,1,0,0,1
3286,0,0,0,1,0
2511,1,1,0,0,1
3653,0,1,0,0,0
1035,0,1,0,0,0
1690,1,0,0,0,0
1620,0,1,1,0,0
1108,1,1,0,0,0
1709,1,0,1,0,1
2639,0,1,0,1,1
2709,0,0,1,1,0
1050,0,0,0,0,1
3106,0,0,0,1,0
3012,0,0,0,1,0
655,1,1,0,0,1
2471,0,1,1,1,1
3760,0,1,0,1,1
2081,1,1,0,0,1
3905,1,1,0,0,0
2761,1,0,0,0,0
3262,0,0,1,0,0
1742,1,0,0,1,0
2824,0,1,0,0,1
3506,0,0,1,1,0
2487,0,1,0,1,0
2799,1,1,1,1,0
2329,0,0,0,1,1
3839,0,1,0,0,1
3053,0,1,0,0,0
2190,0,1,0,1,0
1045,1,1,1,0,0
1567,1,1,1,0,0
2364,1,1,1,1,0
1257,0,0,1,1,0
1530,0,0,1,0,0
806,0,1,0,1,0
2721,0,0,1,1,1
2111,0,1,1,0,1
2781,1,1,1,0,1
3709,0,1,0,1,0
3394,0,0,0,0,0
2958,0,1,1,0,1
3718,0,0,0,0,0
3115,0,0,1,1,0
1130,1,1,0,0,0
1025,1,1,0,0,1
763,1,0,0,0,0
1323,0,0,0,1,0
2759,0,1,0,0,0
1511,1,0,0,1,0
3302,0,1,0,1,1
3091,1,0,1,0,0
3748,0,0,1,1,0
3491,0,1,0,1,0
3313,0,1,0,1,0
969,0,0,0,0,0
2396,1,1,0,1,1
3146,0,1,0,1,0
2215,0,0,0,1,0
1971,0,1,1,0,1
1618,0,1,0,1,0
2868,1,0,0,0,0
2007,1,1,0,0,0
3859,1,1,0,0,0
1372,1,0,0,1,1
656,0,1,1,0,1
2043,1,1,0,0,0
3509,0,0,0,1,0
2852,0,1,1,0,1
1572,1,1,1,1,1
2879,0,1,1,0,1
2169,1,1,1,0,0
2479,0,1,1,1,0
3910,1,1,0,1,0
2754,1,1,0,0,0
3221,1,1,0,1,0
3770,1,1,1,0,1
1110,1,1,1,0,0
2819,0,0,0,0,1
3458,0,0,0,0,0
3164,0,1,0,0,0
3450,1,1,0,0,0
2405,0,0,0,0,1
728,1,0,0,0,1
3962,0,1,0,0,0
3728,0,1,0,1,0
2882,1,0,0,1,1
3966,0,1,1,1,0
2800,0,0,1,0,1
3900,0,1,1,1,0
3818,1,1,0,1,0
3425,1,1,1,0,0
3613,0,1,1,0,1
3656,0,1,1,1,0
2905,0,1,1,1,0
3045,1,1,1,1,0
2257,1,1,0,1,1
693,0,1,1,1,0
1731,0,1,0,1,0
1767,0,1,0,0,1
1504,1,0,1,0,1
2871,1,1,1,1,0
2581,0,1,0,0,0
2254,0,1,0,1,0
2984,0,1,1,1,0
1809,1,1,0,1,1
2985,0,1,0,1,1
1264,1,1,1,0,1
2812,1,1,1,0,0
2282,0,1,0,0,1
3614,0,1,0,1,0
3015,0,1,0,1,0
3020,1,1,0,1,0
1680,1,0,1,0,0
1462,1,1,1,0,1
3623,0,0,1,1,0
911,0,1,1,0,0
3767,1,0,0,0,0
887,1,1,1,1,0
3856,0,0,0,1,0
1554,1,0,0,0,1
2465,1,1,0,1,0
2641,1,1,0,0,0
2425,1,1,0,1,1
1277,1,1,0,0,0
2084,1,0,1,0,1
1653,0,1,0,1,1
2689,0,1,0,0,0
2864,1,1,1,1,0
2938,0,1,0,1,1
1284,0,1,1,1,0
2448,0,1,0,1,1
3341,0,1,0,0,1
1943,1,1,0,1,0
3060,1,0,1,0,0
2972,0,1,0,0,1
791,0,1,1,1,0
3893,0,1,1,0,0
3416,1,1,0,1,0
2203,1,1,1,0,0
3749,0,1,0,1,1
2977,1,1,0,1,1
1219,1,0,0,0,1
3586,1,1,0,1,0
3038,1,1,1,1,0
2036,0,0,0,0,1
3126,1,1,0,0,1
3550,0,1,0,1,1
2134,1,1,0,0,1
2126,1,1,0,0,0
1161,1,1,0,1,1
1019,1,1,1,0,1
2099,0,1,0,1,0
2182,0,1,1,1,1
850,1,0,0,1,0
1176,1,1,1,0,1
738,0,1,0,0,1
3713,0,0,1,0,0
984,0,1,1,1,0
3936,1,1,1,0,0
2587,1,0,0,0,1
980,0,0,1,0,0
838,0,0,1,0,1
1867,1,0,0,0,1
3468,1,0,0,1,0
3092,1,1,0,0,0
2316,1,1,0,0,0
2552,0,1,0,0,0
3392,0,1,0,1,0
1975,1,1,0,1,1
1439,1,1,0,0,1
1351,1,1,0,1,1
3780,1,0,0,0,0
3207,1,1,0,1,0
3794,0,1,1,0,0
3921,0,0,0,1,1
3431,0,1,0,1,1
3647,0,0,1,1,0
1147,1,1,1,0,1
3010,1,0,1,0,0
3418,0,1,0,1,1
942,0,1,0,0,0
2245,1,1,1,1,0
882,0,0,0,1,1
1001,1,1,0,1,0
3717,1,1,0,0,1
2981,1,1,0,1,0
2924,0,1,1,1,0
3441,0,0,0,1,0
2129,1,1,1,0,1
2426,1,1,0,0,0
3058,0,0,0,0,1
2189,1,1,0,0,1
1339,0,0,0,0,0
667,1,1,1,1,1
2704,0,1,0,0,0
3500,1,1,0,1,1
1514,0,1,1,0,0
1824,0,1,0,0,1
3950,0,1,0,0,0
3234,0,1,1,0,1
3307,1,0,0,1,1
3786,1,0,0,0,0
1391,0,0,0,1,1
1139,0,1,0,0,0
3939,1,1,1,1,0
3705,1,1,0,0,1
1489,1,1,1,0,0
1036,0,1,0,0,0
1006,0,1,1,0,1
2623,1,1,1,0,0
874,0,1,1,1,1
891,1,1,0,1,1
3229,0,1,0,1,1
1860,1,1,1,0,1
3220,0,1,0,0,0
2901,1,1,1,0,0
2645,0,1,0,1,0
3505,1,0,0,1,1
2736,0,1,1,1,0
2145,1,1,0,1,0
2127,1,1,0,0,1
2288,1,1,0,0,0
3492,1,1,0,0,1
3493,1,1,0,0,1
2196,1,0,0,0,0
937,0,1,0,0,0
2797,1,0,0,1,1
3395,0,1,0,1,0
1657,0,1,0,1,1
3272,0,0,0,1,0
3191,0,1,0,0,0
1010,1,1,1,0,0
1138,1,1,0,1,1
1766,1,1,0,0,1
3466,0,0,1,0,1
3673,0,1,0,0,0
659,0,1,0,0,0
2949,0,1,0,0,0
3391,0,0,0,0,1
1893,0,1,0,0,1
3028,0,1,1,1,0
1381,1,1,1,0,1
1772,1,1,0,0,1
1129,1,1,0,0,1
986,1,1,1,0,1
1397,1,1,1,1,0
2474,0,1,1,1,0
1291,1,1,0,1,1
2265,1,1,0,0,0
715,0,1,0,1,1
2295,0,1,1,1,0
3194,1,1,0,0,1
1712,0,0,0,0,1
2025,1,1,0,0,1
3434,1,1,0,1,1
1253,0,0,0,1,1
3097,0,1,0,0,1
1120,0,0,1,1,1
1889,0,0,0,0,0
2010,0,1,0,0,0
3514,1,0,1,1,0
3720,0,1,0,1,0
2682,0,0,0,0,1
669,0,1,0,0,1
1316,1,0,0,0,0
3844,0,1,1,0,0
3960,0,1,1,1,1
3212,1,0,0,1,0
1821,1,0,0,1,0
2875,0,1,1,0,0
797,1,0,0,1,1
2859,0,0,0,0,0
3050,0,0,0,1,0
875,0,1,0,1,1
2598,0,1,0,1,0
2560,1,1,0,0,0
1927,0,0,0,0,0
3619,0,1,0,0,0
1510,1,1,0,1,1
3232,1,0,0,0,0
666,0,1,0,0,0
2274,1,1,0,0,0
2337,0,1,0,1,0
1432,1,0,0,0,1
3119,1,0,0,1,0
2135,1,0,0,1,1
3348,0,1,0,1,1
2934,0,1,1,0,0
1229,0,1,0,0,0
3273,0,1,1,0,0
2572,0,1,0,0,1
2763,1,1,0,0,0
987,0,1,1,1,0
1151,0,1,1,0,0
3083,1,0,0,1,1
996,0,1,0,0,0
1494,1,1,0,1,0
2079,0,1,0,1,0
2279,0,1,0,1,1
1792,0,0,0,1,1
672,0,1,1,1,1
3401,1,1,1,1,0
2842,0,1,0,0,1
3920,0,0,1,0,0
3935,0,1,1,0,0
1999,0,0,1,0,1
1771,1,1,0,0,0
1993,0,1,0,0,0
3583,1,1,0,0,0
2009,1,1,0,0,1
1070,1,1,0,0,0
736,1,0,0,1,0
1778,0,1,1,0,1
3691,0,1,0,1,0
2368,0,1,1,0,0
2146,1,1,1,1,0
1502,1,0,1,1,0
2082,0,1,0,1,0
1928,1,1,0,1,1
689,0,0,0,0,0
2974,1,1,0,1,1
2602,0,0,0,1,1
2613,1,1,1,1,0
1000,1,1,0,1,1
2707,0,1,1,0,1
2856,0,1,0,1,0
740,0,0,0,0,1
3312,0,1,0,1,0
926,0,0,1,0,0
3456,1,1,0,1,0
2315,1,1,1,0,0
2016,0,0,0,0,0
3178,0,1,0,1,0
3544,1,0,1,1,0
1592,1,1,1,1,1
3820,0,1,0,0,0
2022,1,1,0,0,1
1684,1,0,0,1,1
3293,0,0,0,1,0
1509,0,1,0,1,1
2381,0,1,0,0,0
798,0,1,0,1,0
1823,1,0,0,0,0
2936,1,0,0,0,0
3564,1,1,0,0,0
1822,0,0,0,0,0
3237,0,1,0,1,1
1891,1,0,0,0,0
870,0,1,0,0,1
3710,0,1,1,0,0
3436,0,0,1,0,1
1522,1,1,0,1,0
3847,0,1,0,0,1
978,0,1,0,0,0
920,1,1,1,1,1
2387,0,0,0,1,1
3372,0,0,0,1,0
2652,0,0,0,0,1
1192,0,1,0,1,1
3113,1,1,0,1,0
775,0,0,0,1,0
3072,0,1,0,1,1
3208,1,1,1,0,1
663,1,1,1,1,0
1457,1,1,0,0,1
1361,0,1,0,0,0
3320,0,1,1,0,1
3942,1,1,0,0,0
3986,1,1,0,1,0
1908,0,0,1,1,0
3574,0,1,0,1,1
3592,0,1,0,1,1
3857,1,1,0,0,1
664,1,1,0,0,0
2995,0,1,0,1,0
1461,0,1,0,1,1
684,1,1,1,0,0
2522,1,1,0,1,0
3161,0,1,0,0,1
1562,1,1,0,0,0
1924,1,1,0,0,0
2881,0,1,0,0,0
1873,0,0,0,1,1
999,0,1,0,1,0
2997,1,1,0,0,0
2050,1,1,1,1,1
1230,1,0,0,1,1
3888,1,1,0,0,1
3356,0,1,1,0,1
1663,1,0,0,1,0
2249,0,1,1,1,0
697,0,1,0,1,0
2891,1,1,0,0,0
2573,1,1,0,1,0
773,0,1,0,0,0
3470,1,0,0,0,0
3497,1,0,0,0,0
3371,0,1,1,0,1
1061,1,1,0,0,1
1937,0,0,0,0,1
1951,0,0,0,0,0
1552,0,0,0,1,0
1272,1,0,0,0,0
3532,1,1,0,0,1
2322,0,1,0,0,0
3835,0,1,0,0,0
1201,1,0,0,1,1
3310,0,1,0,0,1
1970,1,1,0,1,0
2165,1,1,1,0,0
3641,0,1,0,0,0
2563,1,0,1,1,0
1217,0,0,0,1,0
1248,1,1,1,0,0
2546,1,1,0,1,1
1460,1,1,0,0,0
3227,0,1,0,1,0
3034,1,1,0,1,1
3565,0,0,0,1,0
726,0,1,0,1,0
1668,0,0,0,0,0
3553,1,1,1,1,0
2894,0,1,1,0,1
3702,1,0,0,0,0
1558,1,1,1,0,1
1936,0,1,1,0,0
3157,1,0,0,1,0
3707,0,0,0,1,1
2272,1,0,0,1,0
2565,1,1,0,0,1
1028,0,1,0,0,0
1541,1,1,0,1,1
1222,0,1,0,0,0
1740,0,1,0,1,0
3490,1,1,1,1,1
3284,0,0,0,1,1
2293,0,1,0,0,1
1958,0,0,1,1,0
2788,1,0,0,0,0
1816,0,1,0,1,0
3036,0,0,0,0,1
2207,1,1,1,0,1
3170,1,0,0,0,0
1646,0,1,1,1,0
2694,0,1,1,0,1
1981,0,0,0,0,0
3393,0,1,0,0,0
1877,0,0,0,1,1
1978,1,0,0,1,0
2334,1,1,0,1,0
2624,1,0,1,1,0
755,0,1,1,0,0
1093,1,1,0,0,0
3414,0,1,0,1,0
2823,1,1,0,0,0
2529,1,0,1,0,0
3528,0,1,0,0,0
1428,1,1,1,0,0
3954,0,0,1,0,0
1827,1,0,0,0,0
709,0,1,0,0,0
2550,0,1,0,0,1
3855,1,1,0,0,0
2419,0,1,1,0,1
3632,1,1,0,0,0
1203,0,0,1,1,0
3331,1,1,0,0,0
1318,1,1,0,1,0
2978,0,1,1,1,0
1450,0,1,0,1,0
3223,0,1,1,0,0
1448,0,1,0,0,1
2937,0,0,0,0,0
785,1,0,0,1,0
1727,1,0,0,0,0
2532,1,1,1,1,0
1118,1,1,1,1,0
1874,1,1,0,0,1
1754,1,1,0,0,0
3009,0,1,0,1,1
3377,1,1,0,0,0
1888,1,1,0,0,0
3408,1,1,0,1,0
2524,0,1,0,0,1
1241,0,1,0,1,0
2273,0,1,1,1,0
3610,1,1,1,1,0
2230,1,1,0,0,1
756,0,1,0,0,0
1202,1,0,1,0,0
1705,0,1,0,0,1
2486,0,0,0,0,0
3018,0,0,0,0,0
2290,1,1,0,0,1
827,1,0,0,0,0
2020,0,1,1,1,0
3484,1,1,0,0,1
2857,0,1,0,0,0
1571,1,1,0,1,0
3016,1,1,0,1,1
2490,1,1,0,0,0
1700,0,1,0,0,0
2986,1,1,0,1,1
1886,1,1,0,1,0
3925,0,0,0,1,0
1508,1,0,0,1,0
2713,0,1,1,0,0
691,1,0,0,0,0
1259,0,1,0,0,0
1430,1,1,1,1,0
802,1,1,0,1,1
1054,0,1,0,1,0
3639,0,0,0,0,1
2873,0,0,1,0,0
2225,0,0,0,0,0
1342,0,1,1,1,0
3530,1,1,0,1,1
2970,0,1,0,0,0
1518,0,0,0,0,0
3561,1,1,0,0,1
905,0,1,1,0,1
3648,1,1,0,1,1
3816,1,1,0,0,1
1584,1,1,0,1,0
753,1,1,0,1,0
1062,1,1,0,1,1
718,0,1,1,0,0
1487,0,1,0,1,0
3163,0,1,1,0,1
3121,1,1,0,0,1
866,0,1,1,0,0
766,1,1,1,0,0
1574,1,0,0,0,0
3008,1,1,0,0,0
3516,0,1,1,1,0
3013,0,1,0,0,0
3838,1,0,0,1,1
1597,1,0,0,1,0
1675,0,1,0,0,1
1866,0,1,0,1,0
3017,1,1,0,0,0
3601,1,1,0,0,0
2932,1,1,0,0,1
2636,1,1,0,1,1
3334,1,1,1,0,1
972,0,1,0,1,0
3109,0,1,0,0,1
2064,0,1,1,1,0
3569,0,1,0,0,0
1037,1,1,0,1,0
3155,1,0,1,1,1
1488,1,1,1,1,1
3895,0,0,0,1,1
2809,1,1,0,1,1
1167,1,0,0,0,0
2432,1,0,1,0,1
700,1,1,0,0,0
3637,0,0,0,0,1
1907,0,0,1,0,0
1410,0,1,0,0,1
2068,0,0,1,0,0
1805,0,1,0,1,1
2541,1,0,0,0,0
2649,1,1,0,1,0
1533,1,1,0,0,0
2220,1,0,1,1,0
3919,0,1,0,1,0
1082,1,1,1,0,0
2496,0,1,0,0,0
2026,0,1,0,0,1
1579,0,1,0,0,0
2531,0,1,1,1,0
3976,0,1,1,1,0
1146,0,1,1,0,0
1434,0,1,0,0,0
3996,1,1,0,0,0
1685,0,0,0,0,1
3502,0,1,1,1,1
2854,0,1,0,0,0
3918,1,1,0,0,1
2294,0,1,0,0,0
3459,0,1,1,0,0
2217,0,1,0,1,0
3487,0,1,0,0,1
1177,0,0,0,1,0
1252,0,1,0,1,0
2910,0,0,0,0,0
2690,0,1,1,0,0
1524,0,0,1,1,1
2933,1,1,0,1,0
3985,1,1,1,1,1
2216,0,0,0,0,0
3172,0,0,0,1,1
1014,1,1,0,0,0
2271,0,0,1,1,0
2899,0,0,0,1,0
1262,1,1,1,0,0
3412,0,1,0,1,1
3152,0,1,0,0,0
2927,0,1,0,1,0
2489,1,1,0,0,0
2159,0,1,1,1,0
1490,1,1,1,0,0
2243,1,1,0,1,0
1715,0,0,0,0,0
2155,0,0,0,0,1
3546,0,1,0,0,0
811,0,1,0,1,1
796,0,1,0,0,1
2238,1,1,0,1,1
2693,1,1,1,0,1
3084,1,1,1,1,0
2586,0,1,0,0,0
3508,1,1,0,0,1
3136,1,1,1,0,1
3057,1,1,0,0,0
2187,0,0,1,0,0
1569,1,1,0,0,0
2501,0,1,0,1,1
814,0,1,0,1,0
1199,0,1,0,1,0
1205,1,0,0,0,0
3142,1,0,0,1,0
3721,0,1,1,0,0
3879,0,0,0,1,1
1630,0,1,0,0,0
2086,0,1,0,0,1
1076,0,1,0,0,1
1737,0,1,1,1,0
3754,1,1,0,0,1
2069,0,0,0,1,0
3166,0,1,1,0,1
3915,0,1,1,1,1
3147,1,1,0,1,0
879,1,1,0,0,0
3519,1,1,1,0,0
1078,0,1,0,1,1
2618,1,0,0,0,0
3973,0,0,0,0,0
1701,1,1,0,1,0
3375,1,1,0,1,0
2199,1,1,0,0,0
2921,1,1,0,1,0
1622,1,0,1,0,1
2595,0,0,1,0,0
2588,1,1,0,1,0
3285,0,0,0,0,0
2310,0,0,0,0,1
3384,0,0,0,1,1
3271,0,0,1,1,1
2606,0,0,0,1,1
1677,0,0,0,1,0
3000,0,1,1,1,1
3378,1,1,1,0,0
1328,0,1,0,0,1
3332,0,1,0,1,0
3489,1,1,0,0,1
3997,0,1,0,1,1
3732,1,1,1,1,0
2830,1,1,0,0,0
1670,1,1,0,1,1
2341,1,0,0,0,1
2772,0,1,0,0,0
1734,1,1,0,1,1
2810,0,0,1,0,0
2088,0,1,0,0,0
3984,1,0,0,0,0
3872,0,1,0,1,0
819,1,1,1,1,0
1306,1,1,1,1,1
1505,1,1,0,1,0
2147,1,0,0,0,0
2250,0,1,0,1,1
2108,0,1,0,1,0
1466,1,1,1,0,1
1348,0,0,0,0,0
3722,1,0,0,1,0
3268,1,1,0,1,0
2758,1,0,0,1,1
998,0,1,1,1,0
2173,0,1,1,1,1
1933,0,1,0,1,1
1060,0,1,0,0,0
2455,1,0,1,0,1
2048,0,0,0,1,0
3746,0,1,1,0,1
758,0,1,0,1,0
982,1,1,0,0,1
1228,1,1,0,0,1
1961,0,0,0,0,0
2375,0,1,0,0,1
2097,0,1,0,0,0
2833,0,1,0,0,1
2592,1,1,0,1,0
2163,1,1,0,0,1
3827,0,1,0,0,1
1897,0,1,0,1,0
2484,1,1,0,1,0
2680,0,0,0,0,1
833,1,1,1,1,1
2840,0,1,0,1,1
2342,0,0,0,0,1
2632,0,1,0,0,1
1385,0,1,0,1,0
1570,1,1,0,1,1
2929,0,0,0,1,1
2087,0,1,1,0,0
1836,0,1,1,0,0
3132,0,1,1,1,1
2433,0,0,0,0,1
1537,0,1,0,0,1
2289,1,1,0,1,1
3909,0,1,0,0,1
3511,0,1,0,1,0
1475,1,0,1,1,1
872,0,1,0,0,0
2313,1,1,0,1,0
1561,0,1,0,0,1
1953,1,0,0,1,0
3507,1,1,1,0,1
3638,1,0,0,0,1
2994,1,1,0,1,0
2253,0,1,1,0,1
1242,1,1,0,1,0
3246,0,1,0,0,1
2183,0,1,0,0,1
2247,0,0,0,0,0
2452,0,0,0,0,1
1735,0,1,0,0,0
1540,1,1,0,1,0
2841,0,0,1,1,0
2860,1,1,0,1,0
2002,1,1,1,1,1
2655,0,0,1,0,0
1349,0,1,1,1,0
1423,0,0,1,0,1
1525,0,1,0,1,0
3704,0,0,0,0,0
2156,0,1,0,1,0
3001,0,1,0,1,1
3279,1,0,1,1,0
2880,1,1,0,1,0
2121,0,1,0,1,1
3881,1,0,0,1,1
3235,0,1,1,0,0
3772,0,1,0,0,1
1901,1,0,1,0,0
2148,0,1,0,0,0
3687,0,1,0,0,1
3616,1,1,0,0,0
765,1,0,0,0,1
2667,1,1,1,1,0
3415,1,0,0,1,0
792,1,0,0,0,1
3498,0,0,0,0,1
1132,0,1,0,0,0
3536,0,1,0,0,1
3108,0,1,1,1,0
1362,1,1,0,0,0
1576,0,1,1,1,1
1699,1,1,0,1,1
2514,1,1,0,1,0
1930,1,0,0,0,1
1354,0,1,0,1,0
2005,1,0,1,0,0
1311,0,0,0,0,1
723,1,1,0,0,1
2174,0,0,0,0,0
3122,1,0,0,0,0
3568,0,0,0,0,0
2056,1,1,0,1,1
1650,1,1,0,1,0
2653,0,1,0,0,0
3105,0,1,0,0,1
2870,1,1,1,1,0
3089,0,0,0,0,1
2060,1,0,0,1,1
2687,1,1,0,1,0
1383,0,1,0,0,1
1191,0,0,1,0,1
3344,0,1,0,0,0
3433,1,0,0,0,0
1841,0,0,0,0,0
2615,0,0,1,1,1
1640,0,0,0,0,0
3527,1,0,0,0,1
2208,1,0,0,1,0
3662,1,1,0,0,0
1784,0,1,0,0,0
2710,1,1,1,0,0
716,1,1,0,0,0
2607,1,0,0,1,0
3783,1,1,0,0,1
3275,0,1,1,1,1
1265,0,1,0,0,0
3025,1,0,0,0,1
1704,0,1,1,0,0
1826,1,1,0,1,1
1179,1,0,1,0,0
3688,0,0,1,0,1
1979,1,0,1,1,1
2622,0,1,0,0,0
2014,0,1,1,0,0
2778,1,1,0,1,1
2829,1,0,1,0,0
2734,0,1,0,1,0
1015,0,1,0,1,0
1746,1,1,0,1,1
2750,1,1,0,1,1
3617,1,1,0,0,0
2242,0,0,1,1,1
2553,0,0,0,1,0
3062,0,1,0,0,1
2319,1,1,0,0,0
3603,0,0,0,1,1
2780,0,0,0,1,0
2259,1,1,0,0,0
3937,0,1,0,1,0
1117,1,1,1,0,0
1207,1,1,1,1,0
3969,1,1,0,1,1
1285,0,0,0,1,0
3043,0,1,0,0,0
3541,1,0,0,1,0
1183,1,0,0,0,0
1516,1,0,0,0,0
1972,0,0,0,0,0
1582,1,1,0,1,0
2058,1,1,0,0,1
2277,1,1,0,0,1
1539,1,0,0,1,1
1845,1,1,0,1,0
3599,1,1,0,1,1
1080,0,0,0,1,0
3369,0,0,1,0,0
1634,0,1,0,1,1
3677,0,0,0,1,0
3007,0,1,0,0,0
2771,0,0,0,0,1
3056,0,1,0,0,1
2544,0,0,1,0,0
1870,1,1,0,1,0
2255,1,0,0,1,1
1405,0,0,0,1,0
927,1,1,1,0,1
1337,0,1,0,0,0
3515,0,0,1,1,1
3171,0,1,0,0,1
1157,0,1,0,1,1
2874,1,1,0,0,0
3177,1,1,0,1,0
2668,0,1,1,0,1
3626,0,0,0,0,1
2360,0,1,0,0,0
2367,0,0,0,1,0
1237,0,1,1,1,1
1862,0,1,0,0,1
2042,1,0,0,1,0
1465,1,1,0,1,1
2665,0,1,0,1,0
2231,1,1,0,1,0
1743,0,1,1,0,1
1794,0,0,0,0,1
2554,0,1,0,1,0
3437,1,1,0,1,0
2872,1,0,0,1,1
2095,1,1,0,1,0
2308,0,1,1,0,1
1777,1,1,0,1,0
3300,0,0,0,0,0
2744,1,0,0,1,0
824,0,0,0,0,0
2339,0,1,0,1,1
1344,1,1,0,0,1
1452,1,1,0,0,0
2825,0,1,1,0,1
2735,1,1,0,1,0
2669,0,1,0,1,0
3183,1,1,1,0,1
3597,1,1,0,1,1
3367,1,1,0,1,0
1363,1,1,0,0,0
2610,0,0,0,0,1
3923,0,1,0,1,0
2317,1,1,0,1,1
2248,0,1,0,1,0
2657,0,1,1,1,1
2268,0,0,0,0,1
2967,0,1,0,0,1
1580,1,1,0,0,0
1939,0,1,0,0,0
2292,1,1,1,1,1
2723,0,1,1,1,0
1287,0,1,0,0,1
3463,0,0,0,0,1
1172,0,0,0,1,1
3714,0,1,0,1,0
772,1,1,0,1,1
3745,0,1,0,1,0
3661,1,0,0,0,0
815,0,1,0,1,1
1631,0,1,0,0,0
2884,1,1,0,0,0
1472,0,1,0,0,0
2285,0,0,0,0,1
2621,0,1,1,1,0
3199,0,0,0,1,0
2878,1,1,0,0,1
1387,0,1,0,0,0
3261,1,0,1,0,0
1887,1,1,0,0,1
3913,0,1,0,1,1
1449,1,0,0,1,1
1320,0,1,0,1,1
745,1,0,1,1,0
1713,0,1,0,1,1
2400,1,1,0,0,1
917,0,0,1,0,0
1698,0,1,1,0,1
3934,1,0,0,1,1
1671,1,1,0,1,0
713,0,1,0,0,1
2195,0,1,0,0,1
767,1,1,1,0,1
2194,1,0,0,1,0
2349,1,1,0,0,0
3480,1,1,1,1,0
2922,1,1,0,1,0
2895,1,0,1,0,0
2965,0,1,0,1,1
2512,0,0,0,1,0
2412,1,0,0,0,1
2261,1,1,0,1,1
1810,0,1,1,0,0
1340,0,1,0,0,0
1216,1,1,0,1,1
2928,0,0,0,1,0
1200,0,0,0,1,0
2503,0,0,0,1,0
2708,0,0,0,1,0
1094,0,1,0,1,0
1267,0,1,0,1,0
1041,0,0,0,1,0
3019,1,1,0,0,0
2139,0,1,0,1,0
973,1,0,0,0,0
3439,1,1,0,1,0
2098,0,1,0,0,0
2442,1,0,0,1,1
1899,0,1,0,0,1
1464,1,1,0,0,0
3289,0,1,0,1,0
1109,1,1,0,0,0
1834,1,1,1,1,0
3423,0,1,0,0,0
2422,0,1,1,0,0
1411,1,1,0,0,0
3803,1,1,1,1,0
1529,0,1,0,0,0
3026,1,1,0,1,1
961,0,1,0,0,1
1369,1,1,0,0,1
2348,0,1,0,0,1
1847,1,1,0,0,0
2122,0,0,0,1,0
2654,0,1,1,1,0
702,0,0,0,1,1
3096,0,0,0,0,0
2164,0,1,0,0,0
1553,0,1,0,0,0
2178,1,1,0,1,0
3738,0,1,0,0,0
1413,0,0,1,1,0
3980,0,1,0,0,0
1068,0,1,0,0,1
3584,0,1,0,0,1
2391,0,1,0,0,1
2728,0,1,0,1,1
1379,0,0,0,0,0
1402,0,1,1,1,0
2456,1,1,0,0,0
1884,0,1,0,1,0
3247,0,0,1,0,1
1482,1,0,1,1,0
3735,0,0,1,1,0
2963,1,1,0,1,0
1004,0,1,0,0,0
1173,1,1,1,1,1
2791,1,1,0,0,1
3654,0,1,0,0,1
1033,1,1,0,0,0
2439,0,1,0,0,0
1473,0,1,0,1,0
1481,1,1,0,0,1
2749,1,1,0,1,0
2684,0,0,0,1,0
3263,0,1,0,0,0
3460,0,0,0,1,0
2808,0,1,1,0,0
1440,1,1,0,1,1
1963,0,1,0,0,0
3477,0,1,1,1,0
2826,0,0,0,1,1
831,0,0,0,1,0
3576,0,0,1,0,0
1547,1,1,1,0,0
2631,1,1,1,0,1
2748,1,1,1,0,0
3370,0,1,1,0,1
1549,1,1,0,1,0
712,1,1,0,0,0
858,1,0,1,0,1
851,0,1,0,1,1
2969,0,1,0,1,1
2309,0,1,0,0,0
3419,0,1,1,0,0
2076,0,1,1,0,1
1770,0,1,1,0,1
3291,0,1,0,1,1
906,1,1,0,0,0
2782,0,1,0,1,0
1407,0,1,1,1,0
3853,1,1,0,1,1
847,1,1,0,0,0
3051,1,1,1,0,0
2913,1,1,0,1,1
1463,1,0,0,0,1
3358,1,1,1,0,1
2567,0,0,1,0,1
3346,0,1,0,0,1
3953,0,1,0,1,0
3589,0,1,0,0,0
2853,0,1,0,0,0
2233,1,0,0,0,0
1563,1,0,0,1,1
1656,1,1,0,1,1
1168,0,1,1,1,0
2603,1,1,1,0,0
1357,1,1,0,0,0
1418,0,0,0,0,0
2990,1,1,0,1,1
2244,0,0,0,1,1
3270,0,0,0,1,0
2957,1,0,0,0,0
3210,0,0,0,1,0
725,0,0,1,0,1
3218,1,1,1,1,0
871,1,0,1,0,1
971,0,1,0,1,0
1047,0,1,1,0,0
3175,0,1,1,0,1
3402,1,0,1,1,0
3573,0,1,0,0,0
1593,0,0,1,1,1
3698,1,1,0,1,0
1507,0,0,0,1,0
2698,0,1,1,0,0
3168,0,0,1,0,0
2210,1,1,0,1,0
1764,0,1,0,0,1
2877,0,0,0,1,0
1998,1,0,1,0,1
743,0,1,0,0,0
2128,1,1,1,0,1
3813,0,1,0,0,0
3309,0,1,1,0,0
1324,0,1,0,1,0
3193,0,0,0,1,0
2472,0,1,0,0,0
2545,0,0,1,1,1
3805,1,1,1,0,1
1962,1,0,0,1,1
3023,1,1,0,1,0
1807,1,0,1,1,0
1294,0,0,1,0,1
2525,1,1,0,0,0
3061,0,1,1,0,0
1590,1,0,0,1,0
1932,1,1,0,0,0
1736,1,1,0,1,1
3087,1,0,1,0,0
2440,1,1,0,1,0
2401,0,1,1,0,0
3461,0,1,0,0,0
2078,1,1,0,0,0
2718,0,0,0,0,0
1188,1,1,0,0,0
1938,1,1,0,1,0
3314,0,1,1,0,1
3930,1,1,1,0,0
3292,1,1,0,1,1
2192,1,1,0,0,1
2304,1,0,0,1,0
1148,0,1,0,1,1
729,1,1,0,0,0
2302,1,0,0,0,0
3095,0,1,0,0,0
2839,0,1,1,1,0
2909,1,1,0,1,1
3631,0,1,0,1,0
3808,1,1,0,1,0
3368,1,0,0,0,0
2774,0,1,0,1,0
3671,1,1,0,1,0
1064,1,1,0,1,0
932,0,1,1,1,0
1865,0,0,0,1,0
2473,0,0,0,0,0
3645,0,1,1,0,0
2404,1,1,0,0,0
1026,0,1,1,0,0
710,1,0,0,1,0
3046,0,0,1,0,1
3319,0,1,1,1,0
859,1,1,0,0,1
2843,1,1,0,0,1
3941,0,1,0,1,1
1419,0,0,0,1,0
3385,0,1,0,0,1
862,0,1,1,0,0
2599,1,0,0,0,0
3785,0,1,0,0,1
1431,0,1,1,0,0
3238,0,1,0,0,0
3892,1,1,0,1,0
1688,1,1,1,1,1
770,0,0,0,1,1
2685,1,1,1,1,0
759,0,0,1,0,0
2745,0,1,0,1,1
3766,1,1,0,0,0
2394,1,0,0,1,0
2219,1,1,0,0,0
1292,1,0,0,0,0
881,0,1,0,1,1
3075,1,1,0,1,0
2700,0,1,0,1,1
3397,1,1,0,1,0
2558,0,1,0,0,0
997,1,1,0,0,1
3230,0,1,1,0,1
3817,0,0,0,1,1
1843,1,1,0,1,0
3582,0,0,0,0,0
2886,0,1,1,1,1
3968,0,1,0,1,0
2359,0,0,0,0,0
1945,0,1,0,1,1
3203,0,1,0,1,0
2073,1,1,0,1,1
1309,0,0,0,0,0
2561,1,1,0,0,0
1308,1,1,0,0,1
1283,0,1,0,0,1
2181,1,1,0,1,0
680,0,1,0,0,1
2729,1,0,1,1,0
2090,0,1,0,0,1
2065,0,1,0,0,1
2515,1,1,1,0,1
2185,1,0,0,1,0
2502,1,1,1,1,0
4000,0,1,0,0,0
3539,1,1,0,1,0
1189,0,1,0,0,1
1565,0,1,0,0,0
1400,0,1,1,1,0
2037,1,0,1,0,0
3567,0,1,1,1,0
3659,0,1,0,0,1
3357,1,1,0,0,0
2505,0,1,0,0,0
2234,0,0,0,1,0
994,0,1,0,0,0
921,1,1,1,1,1
1052,0,1,0,0,1
2495,0,1,1,0,1
898,1,1,0,1,0
1178,1,1,0,0,0
3804,0,1,0,1,0
2904,1,1,0,0,0
2112,1,1,0,1,1
1990,1,1,0,0,0
1271,0,1,0,1,0
1044,1,0,0,0,0
2152,1,1,0,0,0
1948,0,1,1,0,0
3757,0,1,1,0,0
1425,0,0,1,0,0
2813,0,0,1,0,1
2206,1,1,0,1,0
1799,0,1,0,1,0
910,0,1,0,1,0
2424,0,0,0,1,1
2409,0,0,0,0,1
2105,1,1,0,0,0
938,0,1,1,0,0
3540,0,1,0,1,0
3059,0,1,0,0,1
2551,0,1,0,0,1
1447,0,0,0,1,1
1739,1,1,0,0,0
2460,1,1,0,1,1
1121,0,1,0,1,0
1820,1,1,1,0,1
1341,1,1,0,0,0
3098,1,0,0,0,0
2096,0,0,0,1,1
2617,0,1,0,0,1
1876,0,1,0,1,1
2296,1,1,0,1,0
2827,1,1,0,0,1
1659,0,1,0,0,0
845,0,1,0,1,1
1789,1,1,0,0,0
1088,1,1,0,1,0
2172,1,1,0,0,0
1269,1,1,0,1,0
2570,0,1,0,1,1
1186,1,0,0,1,0
2912,1,0,0,0,0
924,0,0,0,0,0
3901,1,1,0,1,0
2521,1,1,1,0,0
777,0,1,0,0,0
3438,1,1,0,1,1
3991,1,1,0,0,1
3316,1,1,0,0,1
2577,0,0,0,0,1
3806,0,0,0,1,0
2583,1,0,0,1,0
1564,0,1,1,0,0
1645,1,0,1,0,0
3955,1,1,1,0,1
2028,0,0,0,1,1
2477,0,0,1,0,0
3689,0,1,0,1,0
3398,0,1,0,0,1
2338,1,1,0,1,1
3579,1,0,1,0,0
1224,1,1,0,1,0
1107,1,1,0,0,0
724,0,1,0,0,1
1106,1,0,1,1,1
2144,1,1,1,1,1
2902,1,1,1,0,1
3409,1,1,0,1,1
1856,0,1,1,1,0
2434,1,1,0,1,1
2352,0,0,0,0,0
3267,0,1,1,0,1
3004,0,1,1,0,1
2366,1,0,0,0,0
3131,1,0,0,1,0
2890,1,0,0,0,1
3605,1,1,0,0,1
1347,1,1,0,1,0
2480,1,1,1,1,0
3526,0,1,0,0,1
1359,0,1,0,0,1
1773,0,1,0,1,0
908,1,1,0,0,1
1260,1,0,1,1,0
1828,0,1,0,1,1
2435,0,0,0,0,0
2118,1,0,0,1,0
2848,0,1,0,1,1
2119,1,1,0,0,1
744,1,1,0,1,1
1085,0,1,1,1,1
3577,0,1,0,1,0
1211,1,0,0,1,1
2373,1,1,1,0,0
2576,1,0,0,0,0
3257,1,1,1,0,0
3666,0,1,0,0,1
3216,0,1,0,0,1
3739,1,1,1,1,0
3102,1,1,1,1,1
1850,0,0,0,1,1
1806,1,0,0,1,0
801,1,1,0,1,1
1607,0,1,1,0,0
2330,0,0,1,1,1
1053,1,0,0,0,1
1232,0,1,0,1,0
3243,0,1,0,1,0
1105,0,0,0,0,1
2420,1,1,0,1,1
2562,1,0,1,0,1
1785,1,1,1,0,1
3306,0,1,0,1,0
993,1,1,0,0,0
934,1,1,1,0,0
3260,1,1,1,1,1
3387,1,0,0,1,0
2336,0,1,0,1,0
3382,1,1,0,1,0
3162,0,0,1,0,0
1984,1,1,1,0,0
750,0,1,1,1,0
3485,0,1,0,1,0
1686,0,1,0,0,0
2201,1,0,1,1,1
748,0,1,0,1,1
3111,1,1,0,1,0
3353,0,1,1,1,0
2116,0,1,1,0,0
717,1,1,1,1,0
1753,0,1,1,1,0
1353,0,1,0,0,0
3518,1,0,0,1,0
3908,0,0,0,0,0
2876,0,1,0,0,1
2564,0,1,1,1,0
1536,1,1,0,0,1
823,1,1,0,0,1
1594,1,1,0,1,0
1804,1,0,1,0,1
1986,0,0,1,0,0
2869,0,0,1,0,1
1352,1,0,0,0,0
2766,0,1,1,1,0
1456,0,1,0,1,0
2918,0,1,1,1,0
974,0,1,0,1,1
930,1,1,1,0,1
2177,0,1,0,1,1
1303,0,0,0,1,0
3104,0,0,0,1,0
2356,1,1,1,1,0
1195,0,1,0,1,1
1240,0,1,0,1,0
781,1,1,0,0,1
2697,1,1,0,1,0
1904,0,0,0,0,0
3628,0,1,0,0,0
3828,0,0,1,0,0
3250,0,1,0,0,1
865,0,0,0,0,1
3756,0,1,0,0,1
1697,0,1,0,1,0
1374,0,1,0,1,0
3226,1,1,0,1,0
2628,1,1,0,0,0
2131,1,1,0,1,0
2756,0,1,0,1,0
1833,0,1,0,0,1
3556,1,1,0,1,0
2844,0,0,0,1,1
3389,0,1,0,0,0
2399,1,0,0,1,0
1797,1,1,0,1,0
3672,1,1,0,0,0
3686,0,1,1,0,1
940,0,1,1,0,0
2659,1,0,1,0,0
1279,0,1,0,0,1
2416,1,1,0,0,1
3744,1,1,0,0,0
1762,1,1,0,1,0
3548,0,1,1,0,1
3712,0,1,0,0,1
1163,1,0,1,0,1
1008,1,0,0,0,0
671,1,0,0,0,1
3383,0,0,1,0,0
2897,0,1,0,0,1
1798,1,1,1,1,1
1389,1,1,0,1,0
948,1,1,0,0,1
1853,0,1,1,0,1
3066,1,0,0,1,0
1300,1,1,0,1,1
3328,1,0,0,0,0
3898,0,0,0,1,1
3182,0,1,0,1,0
3682,1,1,1,0,0
2353,0,1,0,1,0
1266,0,1,1,1,1
2035,1,1,0,1,1
3731,0,1,0,0,1
1164,1,1,1,0,1
1355,0,0,1,0,1
1513,1,1,0,0,0
2057,1,1,0,1,1
1512,0,1,0,1,1
2699,0,1,0,1,1
959,0,1,0,1,0
2485,0,0,1,0,1
1238,1,1,0,1,1
2566,1,1,0,1,0
2956,0,1,0,0,1
3529,0,1,0,1,0
951,0,0,0,0,1
3520,1,1,0,1,0
1921,0,1,0,0,0
1065,1,0,0,0,0
2218,1,1,1,1,0
3743,1,1,1,1,0
1641,0,1,0,0,1
868,1,1,0,0,1
844,0,1,0,0,0
968,0,0,1,1,0
928,1,0,1,1,1
2919,1,0,1,1,1
2764,0,1,0,0,1
3413,0,0,0,1,1
1480,0,0,0,0,1
1343,0,0,1,1,0
2777,0,1,0,0,1
1119,0,1,0,0,0
730,0,1,0,1,0
2865,1,1,0,0,0
3791,1,1,1,1,0
1250,1,1,0,1,1
2998,0,1,0,0,0
3254,1,1,0,0,1
3148,1,1,0,1,0
2019,1,1,0,1,1
1231,1,1,0,0,0
3889,1,1,1,0,1
1356,1,1,1,1,0
3703,0,0,0,1,0
1929,1,1,0,0,0
3274,1,0,0,0,0
3150,1,0,0,1,0
3158,0,1,0,1,1
3726,0,1,0,1,0
3792,0,1,0,1,0
2666,1,0,0,1,1
3563,1,0,0,0,1
3537,0,1,0,1,1
2263,0,0,0,0,0
1808,0,1,0,1,0
2379,1,1,0,0,1
2604,1,1,0,0,1
810,1,1,0,1,0
1900,0,1,1,1,0
3031,1,1,0,0,0
1858,0,1,0,1,1
3578,1,0,0,0,1
869,0,1,1,0,1
3801,0,1,1,1,0
1601,1,1,0,0,0
3259,1,1,0,1,0
3154,0,1,0,0,0
3880,1,0,1,1,0
1991,0,1,0,1,1
2184,0,0,0,0,1
1027,0,1,1,0,0
1282,0,1,0,1,1
2983,0,1,1,1,0
1371,0,1,1,0,1
3446,0,1,0,0,1
1290,1,1,0,0,0
1755,0,1,0,0,0
2150,1,1,0,0,0
2739,0,0,0,0,1
2944,1,1,0,1,1
2768,0,0,0,1,0
3128,0,0,0,1,0
3664,0,0,0,1,0
2543,0,1,0,1,1
3822,0,1,0,1,1
3869,1,1,0,1,1
1624,1,1,0,1,1
2731,1,1,0,1,1
3255,1,1,0,0,1
3499,0,1,0,1,1
3944,0,1,0,1,1
3562,0,1,0,1,1
981,0,1,0,1,1
828,0,1,0,1,1
1599,1,1,1,1,1
2287,0,1,0,0,0
1669,0,1,0,1,1
2549,1,1,0,0,1
1759,1,0,0,1,1
2438,0,0,1,1,1
1636,1,1,0,0,0
3719,1,1,0,0,0
3947,0,1,0,1,0
2917,0,1,1,0,0
3604,0,1,0,0,0
2701,1,0,0,1,1
3669,1,1,0,0,0
2275,0,1,1,0,0
2080,0,0,0,1,0
1143,1,1,1,0,0
1600,0,1,0,0,1
1112,0,1,0,1,1
3581,1,1,0,1,0
1100,1,1,0,1,1
2785,1,1,0,1,1
1312,1,1,1,1,1
3587,1,0,1,0,1
1790,0,1,1,0,1
2258,1,0,1,0,0
2015,0,1,1,0,1
3195,1,1,0,1,1
807,0,1,0,1,1
2939,1,0,0,0,0
2528,0,1,0,1,0
2198,0,0,0,0,1
3144,0,1,0,0,0
2488,0,0,0,1,0
2410,1,1,0,0,0
2428,1,1,1,0,0
3224,0,1,1,0,1
2197,0,1,0,0,0
2232,0,1,1,1,0
3068,0,1,0,1,1
3860,0,1,0,0,0
1654,1,0,1,0,0
3622,0,1,0,1,0
3798,0,1,1,1,0
2205,0,1,0,0,1
2106,0,0,0,0,1
1235,0,0,0,1,0
3668,1,1,0,1,0
2945,0,1,1,0,1
2629,0,1,0,1,0
1952,0,1,0,0,1
2517,0,0,0,0,0
2973,0,1,0,0,0
1225,1,0,0,1,0
2741,1,0,1,0,0
3833,1,1,0,0,1
1213,0,0,1,0,1
1977,0,1,1,1,0
2447,1,1,0,0,0
3552,1,1,0,0,0
2885,1,1,1,0,1
2677,0,1,0,1,0
3585,0,0,0,0,1
3503,0,1,0,0,0
1517,1,1,0,0,0
692,1,1,1,1,1
809,0,0,1,1,0
2378,0,1,1,1,1
1880,1,1,1,1,0
2765,0,1,1,1,0
2675,0,0,0,0,0
2999,0,1,0,1,1
2935,1,1,0,0,1
1652,0,0,1,0,0
3134,0,1,1,1,0
1319,1,0,1,0,1
931,0,0,1,0,0
1382,0,1,0,0,0
2027,0,1,1,1,0
2297,0,1,0,0,0
793,1,0,0,1,0
3938,0,1,0,1,1
2032,0,1,1,1,0
2663,1,1,0,0,0
1623,1,1,1,1,0
1557,1,1,0,0,0
2661,0,1,0,0,1
1243,0,0,0,0,1
3999,1,1,0,1,1
1330,0,0,1,0,1
3602,1,1,0,0,1
2925,1,1,0,0,1
1302,1,1,1,0,0
1021,0,1,0,1,1
3990,0,1,0,1,0
3763,1,1,0,1,1
2124,0,1,1,0,0
1299,0,0,0,0,1
1197,1,0,1,1,0
1566,1,1,0,0,0
1136,0,1,1,1,0
3911,0,0,0,0,0
1204,0,1,0,1,0
3660,1,0,0,0,1
1111,1,1,0,0,0
841,0,1,0,1,1
3296,0,1,0,1,0
2494,1,1,0,0,0
2103,0,1,0,1,0
1469,1,0,1,1,0
2715,1,1,0,0,1
3571,0,0,1,0,1
746,1,1,0,0,0
3365,0,1,1,0,0
3379,0,0,0,1,0
1506,1,1,0,0,1
1595,0,1,1,0,1
1149,1,1,1,0,1
2609,1,1,0,1,0
2838,0,1,0,0,1
3959,0,1,0,0,1
3543,0,0,0,0,1
761,0,0,0,1,1
1158,0,1,0,0,0
2726,0,1,1,1,0
2062,0,1,0,0,1
1280,1,0,0,0,0
2431,1,1,1,0,0
1714,1,1,1,0,1
3555,0,0,0,1,0
3624,0,1,0,1,0
2751,1,1,0,1,1
2987,0,1,0,1,0
3354,0,1,1,0,0
1210,1,0,1,0,1
1983,1,1,1,1,0
1642,1,1,1,1,0
1738,0,0,0,1,1
1613,1,1,1,0,1
1326,1,1,0,0,1
1687,1,1,0,1,0
2616,1,0,0,0,0
1484,1,1,0,0,0
2858,0,1,0,0,0
1059,0,1,0,1,0
3890,1,0,1,0,1
3440,1,1,1,1,1
1185,1,1,1,0,0
3510,0,0,0,1,0
3322,0,1,0,1,1
2611,1,0,0,0,0
2332,1,1,0,1,0
3975,1,0,1,0,0
3884,1,1,0,0,1
2041,1,1,1,1,1
2154,1,1,0,0,1
1757,1,1,0,0,1
1591,1,0,0,0,0
2519,1,1,0,0,0
1016,0,0,0,1,0
3693,0,0,0,0,1
918,1,0,0,1,0
2393,0,1,0,1,1
3903,0,0,0,0,1
3882,0,1,1,0,1
3355,0,1,0,1,1
674,0,1,0,0,1
2180,0,1,0,0,0
2385,1,1,0,0,1
647,0,1,1,1,1
1236,0,1,1,1,0
1639,0,0,0,0,1
2964,1,0,0,0,0
2542,0,1,0,1,0
3807,1,0,0,1,0
2943,1,0,1,1,0
1184,1,1,0,1,0
1965,0,1,1,0,0
3788,1,0,0,1,0
1913,0,1,0,0,0
2240,1,0,0,0,1
1261,1,1,0,1,0
2017,0,1,0,0,0
1881,0,1,0,1,1
2590,0,1,0,0,0
3141,1,1,0,1,1
856,0,0,0,1,0
3793,1,1,0,0,0
991,0,1,0,1,0
1787,1,0,0,0,0
3315,1,1,0,1,1
1793,1,1,0,0,1
1140,1,0,0,1,1
1403,0,0,1,0,0
2045,0,1,1,0,0
3572,1,0,1,0,0
1350,0,1,0,0,1
2374,0,1,0,1,1
2796,0,0,1,1,0
1955,0,1,1,1,1
1783,0,1,1,0,0
2461,1,1,1,0,0
2862,0,0,0,0,0
1154,1,1,0,1,0
1115,0,1,1,1,1
2792,1,0,0,0,1
3124,0,1,0,0,0
1912,1,1,0,0,1
2790,1,1,0,1,0
2630,0,0,0,1,0
2115,1,1,0,1,1
3814,1,1,1,0,0
1633,1,1,0,1,1
3957,1,1,0,1,1
2523,0,1,0,0,0
742,1,1,1,1,1
3317,0,1,0,0,0
1020,0,0,1,0,0
648,1,1,1,1,0
1024,0,1,0,0,1
3488,1,0,0,1,0
3545,1,0,0,1,0
1589,1,1,1,0,1
886,1,1,1,1,1
1844,0,1,0,0,0
1724,0,1,0,0,1
1255,0,0,1,0,1
2186,0,1,0,0,1
1854,0,1,0,0,1
1286,0,1,0,0,1
2518,1,1,1,0,1
1321,1,0,0,0,1
1859,0,1,1,1,0
3902,1,1,1,0,1
1251,0,1,0,1,1
1437,0,1,1,0,1
3777,1,1,0,1,1
2605,1,1,0,0,1
789,1,1,1,1,1
1976,0,1,0,0,1
2863,1,1,0,1,0
2029,1,0,1,0,0
2345,1,1,0,0,0
3209,1,1,0,1,0
1832,1,1,1,0,1
1048,1,1,0,0,1
3646,1,1,0,0,1
2612,1,1,0,1,0
3327,1,1,0,1,0
3474,0,0,0,0,1
3928,1,1,0,1,0
890,0,0,0,0,0
1046,0,1,0,0,1
732,1,1,1,1,0
2284,1,1,0,1,1
3366,1,0,1,1,0
1658,0,0,1,0,1
3715,0,1,1,1,0
1477,0,1,0,0,1
2347,1,0,1,0,0
3675,1,0,0,0,0
852,1,1,0,1,0
1693,1,1,1,1,0
2737,1,1,1,0,1
2691,1,1,0,0,0
1422,0,1,0,1,1
1769,0,1,0,0,0
885,1,1,0,1,1
3848,1,0,0,0,1
3251,0,1,1,0,1
3642,1,0,0,1,0
682,0,0,0,0,1
1914,0,1,0,0,1
1034,1,0,0,0,0
3380,1,1,0,1,0
1171,1,0,1,1,0
3364,0,0,1,0,0
1678,0,0,1,0,1
1468,1,1,0,1,0
3167,1,1,0,0,0
939,0,0,1,1,1
2648,1,1,1,0,0
3116,0,1,1,0,1
2962,1,1,0,1,0
2837,1,1,0,0,1
1750,0,1,0,1,1
3107,0,1,0,0,1
3993,1,1,0,0,0
3843,1,0,1,1,0
3465,1,1,0,0,1
3410,1,1,0,1,0
2392,1,1,0,0,1
2851,1,1,0,1,0
2861,1,1,0,1,0
1209,0,0,1,0,0
1775,0,0,0,1,1
1745,0,1,0,1,1
995,1,1,1,0,0
2789,0,1,0,1,0
3240,1,1,0,1,0
3027,1,1,1,0,0
3347,1,1,0,0,1
1180,0,1,0,0,0
2281,0,1,0,0,0
3269,0,1,0,1,1
1906,0,1,0,0,1
1980,0,1,0,1,1
896,1,1,0,0,1
3963,1,0,0,0,0
2619,1,1,0,1,0
2658,1,1,0,1,1
1895,0,1,0,1,1
1732,1,1,0,0,0
3851,1,0,1,0,0
741,0,1,1,0,0
2133,1,0,0,1,1
880,0,1,1,0,0
1931,1,0,1,1,0
2769,1,1,1,1,0
3876,0,1,1,0,0
3633,1,1,0,1,0
2971,1,1,0,1,0
701,1,1,1,1,0
1012,0,0,0,0,0
3197,1,1,0,0,1
3305,0,0,0,0,1
3303,0,1,0,0,1
2251,0,0,1,1,1
3455,1,1,0,1,1
3443,1,1,0,0,0
3290,1,1,1,1,1
2167,1,1,1,1,1
3264,0,1,0,0,0
1091,0,1,0,0,0
2706,0,1,0,1,0
1730,0,0,1,1,0
2283,0,1,0,1,0
3758,0,1,1,0,1
1193,0,1,0,0,0
2351,0,1,0,0,1
2942,0,1,0,1,0
2390,0,1,0,1,1
1515,1,1,0,0,0
2004,1,1,0,1,0
3863,1,0,0,1,1
2976,0,1,1,1,0
2762,0,1,0,1,1
3258,1,1,1,0,1
3683,0,1,0,1,1
3288,0,1,0,0,1
2478,0,1,0,0,0
3974,0,1,0,1,0
3949,0,1,0,1,0
2072,0,1,0,0,1
3231,1,1,1,1,1
1801,0,1,0,1,1
1170,0,1,0,1,0
2538,1,1,1,0,1
3396,0,1,1,1,0
2920,0,0,0,0,0
2077,1,1,0,0,0
2582,0,0,0,0,1
649,0,1,0,0,1
2954,0,1,0,1,1
2312,0,1,0,1,0
1851,1,0,0,1,1
985,1,1,0,0,1
3374,0,1,0,1,0
2903,1,0,0,1,1
3472,0,0,0,1,0
2110,0,0,1,1,1
1365,1,1,0,1,1
3228,0,1,1,1,0
1023,0,0,0,1,1
704,0,1,0,0,0
2695,0,0,0,1,0
1703,0,1,1,0,0
1155,1,1,0,0,0
1956,0,1,1,1,0
1424,0,1,0,0,0
1556,0,1,0,1,1
2716,1,1,0,0,0
2170,1,0,1,0,0
894,1,1,0,0,0
1923,1,1,0,0,1
657,1,0,1,1,0
2499,0,0,0,0,1
685,1,1,0,0,0
3998,1,1,0,0,0
3768,1,0,1,0,0
1380,1,1,0,1,1
3174,0,1,0,0,0
3130,0,1,0,1,0
1331,0,1,1,1,0
3945,1,1,0,1,0
1780,0,0,0,1,1
2280,0,1,0,0,0
1307,1,0,0,0,0
2534,0,1,1,1,0
2767,1,0,0,1,0
2055,0,1,0,1,0
1830,0,0,0,1,0
2676,0,0,0,0,0
3887,1,1,0,0,1
1869,0,1,0,1,1
1749,0,1,0,1,0
3079,1,1,0,0,0
1278,0,1,0,1,1
1997,1,0,1,0,0
3620,1,1,1,0,1
2408,0,1,0,1,1
3594,1,1,0,1,1
1332,0,1,0,0,0
2362,1,1,0,0,1
3625,0,0,0,0,1
1665,1,1,1,1,0
803,0,0,0,0,0
1175,1,1,0,1,0
1084,0,1,0,1,1
1133,0,1,0,1,1
2711,0,1,0,0,0
3684,0,1,1,1,1
2222,1,1,0,0,0
790,0,1,0,0,0
1335,1,0,1,0,0
2988,1,1,0,0,0
3809,1,0,0,1,0
2953,0,0,0,0,0
2443,0,0,1,0,0
857,1,1,0,1,0
1474,0,1,0,0,1
3069,0,0,0,1,0
1479,1,1,0,0,1
3621,1,1,0,0,0
3424,1,0,0,1,0
3861,0,1,1,0,0
1263,1,1,0,1,1
3447,0,1,1,0,0
3143,0,1,0,0,0
2993,1,0,0,0,1
2908,0,0,0,0,0
3241,0,1,0,0,1
2775,0,1,1,1,1
2688,1,1,1,0,0
2608,1,1,0,0,0
1221,1,1,0,0,1
2979,1,1,0,1,1
3867,0,1,0,1,1
1814,0,0,0,1,0
843,0,0,0,1,1
1234,0,0,0,0,0
2600,0,1,1,0,1
2738,1,0,1,1,0
2085,0,1,0,1,1
1412,0,1,1,0,0
1096,0,1,0,0,0
3200,0,1,0,1,0
864,1,1,1,1,1
3245,0,1,0,0,0
2752,0,1,1,1,1
2363,1,0,0,0,0
2482,0,0,0,0,0
3335,0,1,0,0,1
1535,0,0,1,0,0
1861,1,1,0,0,1
650,1,1,0,1,1
2597,1,0,0,0,0
1226,0,1,0,1,0
3339,1,1,0,0,1
1444,0,0,1,0,1
3139,0,1,0,1,1
1055,0,1,0,1,1
3557,0,1,0,1,0
677,0,1,0,1,0
3690,1,1,1,0,0
3156,1,1,0,0,0
3411,0,0,1,1,1
1281,0,1,0,1,0
965,0,1,1,1,1
941,0,1,1,1,0
1813,1,0,0,1,1
1153,0,1,0,0,0
3486,1,0,0,1,0
3390,0,1,0,1,0
2070,0,1,0,1,0
3483,0,1,1,0,0
1395,0,1,1,0,1
3558,0,1,0,0,1
1679,1,0,0,0,1
782,0,1,0,1,1
1695,1,1,0,0,0
3896,0,1,1,0,0
1911,0,1,0,0,1
3849,0,0,0,1,1
1521,1,1,1,1,0
2670,0,1,1,0,0
3951,1,1,0,0,0
2468,0,1,0,0,1
909,1,0,0,0,0
3741,0,1,0,0,1
2644,1,0,0,1,0
1519,1,1,0,0,0
2915,1,1,1,0,0
2023,0,1,1,1,1
2415,0,1,1,0,1
1467,0,0,0,1,1
1471,1,1,1,0,0
3685,0,1,0,1,0
1315,1,0,1,1,0
1551,0,1,1,1,0
1496,0,1,0,0,0
2340,0,1,1,0,1
2441,1,1,0,0,0
3790,1,1,0,1,1
2500,1,0,0,1,0
3145,0,1,1,0,1
2662,1,1,0,0,0
2142,1,0,0,0,0
2033,0,1,0,0,0
3400,1,1,0,0,1
3967,1,0,0,0,0
1295,1,1,1,1,1
1501,1,1,1,1,0
2948,0,1,0,1,1
3204,0,1,0,0,0
1795,1,0,0,1,0
919,0,1,0,1,0
2386,1,1,0,0,0
2520,1,1,1,1,0
2578,1,0,0,0,1
2671,1,1,0,0,0
883,0,1,0,0,1
888,0,1,0,0,1
1346,0,0,0,1,0
2357,0,1,0,0,1
2241,0,0,0,0,0
2453,0,1,0,0,1
1031,1,0,1,1,0
1629,1,1,0,0,1
3873,0,0,1,1,0
1018,0,0,0,1,1
3035,1,1,0,0,0
3829,0,0,0,0,0
3982,0,1,0,1,1
3253,0,1,0,0,1
1741,1,1,1,0,1
3297,0,0,0,1,1
1878,1,1,0,0,0
2034,0,1,0,0,0
3977,0,1,0,0,0
2992,0,1,1,0,1
2013,0,0,1,1,1
3868,1,1,0,1,1
893,1,0,0,1,1
2803,1,1,0,1,1
2966,1,1,0,0,0
3570,1,0,1,0,0
3956,1,1,0,0,1
733,1,0,0,0,1
1988,0,0,1,1,0
2527,0,1,0,1,0
660,0,1,0,0,0
1573,1,1,1,0,0
1910,0,1,0,0,0
970,0,1,1,0,1
2067,1,1,1,0,0
3523,1,1,0,1,1
706,1,1,0,1,0
925,0,1,0,1,1
3522,1,0,0,0,1
3350,0,1,0,0,1
1032,0,1,0,0,0
3282,0,1,0,1,0
683,0,1,1,1,0
2324,0,1,1,1,0
1638,1,1,0,0,0
2811,0,1,0,1,1
1314,1,1,0,0,1
1500,1,1,0,1,1
1174,0,1,0,0,0
967,0,1,1,0,1
1182,0,1,0,1,1
2188,1,0,0,0,0
2318,0,1,0,0,1
1916,0,1,0,0,1
2463,0,1,0,0,0
3894,1,1,1,0,0
1492,1,1,1,0,1
2585,0,0,0,0,0
2411,1,0,1,0,1
1621,1,0,0,1,1
1643,1,1,0,0,1
1905,1,1,1,0,0
1218,1,1,0,1,1
1476,1,1,0,1,1
1752,1,0,0,1,0
3342,0,1,0,0,1
3482,0,0,0,1,1
1538,0,1,1,1,0
1917,1,0,1,1,0
1966,1,1,1,1,1
2627,0,1,0,1,0
1102,1,1,0,1,1
2001,0,1,0,1,1
3361,0,1,0,0,1
2418,1,1,0,1,0
3932,0,1,0,1,1
1710,0,0,1,0,0
762,1,1,0,1,1
2506,1,0,0,0,0
1051,0,1,1,0,1
2457,1,1,1,1,1
837,1,0,0,0,1
877,0,0,0,0,1
983,0,1,0,0,1
1811,1,1,1,0,0
3298,0,1,1,0,1
3217,1,0,0,0,0
1187,1,0,0,0,0
1610,1,1,1,1,0
653,0,1,0,1,1
2325,1,1,1,0,1
2816,0,1,0,1,0
2504,0,0,0,0,0
3421,0,1,0,0,1
1882,0,1,0,0,0
3852,1,0,0,1,0
2213,0,1,0,1,1
1849,0,1,0,0,1
3219,1,1,0,0,0
2961,0,1,1,0,1
2783,1,1,0,1,0
2049,0,1,0,1,1
1042,1,0,0,0,0
3904,1,1,0,1,1
2650,0,1,0,0,1
1546,0,1,0,1,1
3422,0,0,0,1,1
3428,1,1,0,0,0
1099,0,0,1,1,0
1842,0,0,0,1,0
2926,0,1,0,0,1
2835,0,1,0,0,1
3730,0,1,1,1,0
3014,1,1,1,0,1
3073,0,1,0,0,1
3615,0,1,1,0,0
3024,1,1,0,1,1
1446,1,1,0,1,0
1661,0,0,0,1,0
1848,0,1,1,1,0
1994,0,1,0,0,1
1256,1,1,0,1,1
3067,0,1,1,1,1
3765,1,0,0,0,1
3784,1,1,0,0,0
3330,1,1,0,0,1
3337,0,1,1,1,1
747,0,0,0,1,1
3494,0,1,0,1,0
2101,0,1,1,1,1
1220,1,1,0,0,1
675,1,1,0,1,1
812,1,0,0,1,1
1415,1,1,0,0,0
3979,0,0,1,1,0
646,0,1,1,0,0
1587,0,1,0,1,0
751,1,1,1,1,0
2395,1,1,1,1,1
829,1,0,0,1,0
2038,0,0,0,0,1
1748,0,0,1,1,0
3360,1,1,0,0,0
1721,0,1,0,1,1
1588,1,1,0,1,1
1940,1,1,0,1,1
1615,1,0,0,0,1
2291,0,1,0,1,1
2589,0,1,0,1,0
1996,0,0,1,1,0
1802,0,1,1,0,0
1725,0,1,0,0,0
2950,1,0,0,0,1
2845,1,1,0,1,0
958,0,1,0,1,1
1527,0,1,0,1,1
3299,0,1,0,0,0
3276,0,0,0,0,0
895,1,1,0,1,1
2822,0,1,1,1,1
1946,0,1,0,1,1
3137,0,1,1,1,1
2596,1,1,0,0,1
848,1,1,1,1,1
3652,0,1,0,1,1
3795,0,0,0,0,0
3907,1,1,0,0,0
3612,1,1,0,0,1
2462,0,1,0,0,0
1039,1,1,0,1,0
1603,1,1,0,0,1
2383,1,1,0,0,0
2311,1,1,0,0,1
3071,1,1,0,1,1
2795,0,1,0,0,1
3723,1,1,1,1,1
2059,1,1,1,0,0
3052,1,1,0,0,0
3533,0,1,1,0,0
899,1,1,0,0,1
2900,1,0,0,0,1
1190,0,1,1,0,1
3970,1,0,1,1,1
2298,0,1,0,1,1
976,1,0,0,0,0
3701,0,1,0,0,1
2773,0,1,0,1,1
1058,0,1,0,0,0
3464,0,1,0,0,1
2679,0,1,0,0,1
3471,0,0,1,1,1
1420,1,1,0,1,0
1074,0,0,1,0,1
3711,1,0,0,0,0
731,1,0,0,1,1
3606,1,0,0,0,1
1779,1,0,1,0,1
3326,1,1,1,1,0
2326,0,0,1,0,1
3823,0,1,0,0,1
1747,1,1,0,0,1
3734,0,1,1,0,0
3680,1,1,0,0,1
1673,0,1,0,1,1
1416,0,1,0,0,1
3478,0,1,1,0,0
1617,1,1,1,1,0
2094,0,1,0,1,1
876,1,1,0,0,0
3457,0,1,0,1,1
2046,1,1,0,0,0
2579,0,1,0,1,1
1249,0,1,0,1,0
1774,0,1,0,1,1
3345,1,0,1,1,1
3972,0,1,0,0,1
1013,1,1,0,0,1
1367,0,1,1,1,0
962,1,1,0,1,1
1441,1,1,0,1,1
2202,0,1,0,1,1
3667,1,1,0,0,1
2593,1,1,0,1,0
2299,1,1,0,1,1
957,1,0,1,1,0
1298,0,1,0,1,0
1377,0,1,0,1,1
2703,1,1,0,1,1
1598,1,0,0,0,1
3093,1,1,0,0,1
1212,1,1,1,0,1
3512,0,1,0,1,1
2264,0,1,0,1,0
2806,1,0,0,0,1
1602,1,1,0,0,0
3405,1,1,0,0,0
1758,0,1,0,1,1
3627,0,1,0,1,0
1722,1,1,0,0,1
3451,1,0,0,0,1
1883,0,1,1,0,0
1915,0,1,0,0,0
1852,1,1,0,0,1
1909,1,1,0,1,1
1871,1,1,1,0,1
1647,0,1,0,0,0
694,1,0,0,0,1
2061,1,1,1,1,1
1017,0,1,0,1,1
2200,1,1,0,0,0
3531,0,1,0,1,1
820,1,1,0,0,1
2143,1,0,1,1,1
771,0,0,0,1,1
860,1,1,0,0,1
2702,0,0,1,1,0
3501,1,0,1,1,0
2820,1,1,0,1,0
752,0,1,1,0,0
1399,1,1,0,1,0
1528,0,1,0,0,0
3875,1,0,0,1,1
1066,1,1,0,0,0
1181,1,1,0,1,1
873,1,1,0,1,1
2193,0,1,0,1,1
1443,0,1,0,1,0
3595,1,1,0,1,0
3138,1,0,0,1,1
3214,0,1,0,1,1
2526,0,1,0,1,1
1166,1,1,0,1,0
2074,1,1,1,1,1
2149,1,1,0,0,0
768,0,1,0,0,1
3449,1,0,0,1,1
3321,1,1,0,1,1
3407,0,1,1,0,0
2660,1,0,0,1,1
3810,1,1,0,0,1
3281,1,1,1,1,1
3101,1,1,1,0,1
3349,1,1,1,1,1
2157,1,0,0,0,0
780,1,1,0,1,0
